"METRIC","MODEL","ID","AUC","TIMERANGE","LAST_TIME","QUANT25","QUANT75","IQR","OUTLIER","METHOD"
"LAC","EMv2_3_WBA","A-EMv2.0-WBA 11",0.556666666666667,"AUC EOS
to EOR",24,-0.649156314699793,0.470348101265823,1.11950441596562,"NO","REL AUC"
"LAC","EMv2_3_WBA","A-EMv2.0-WBA 12",-1.98809523809524,"AUC EOS
to EOR",24,-0.649156314699793,0.470348101265823,1.11950441596562,"NO","REL AUC"
"LAC","EMv2_3_WBA","A-EMv2.0-WBA 13",-0.285470085470084,"AUC EOS
to EOR",24,-0.649156314699793,0.470348101265823,1.11950441596562,"NO","REL AUC"
"LAC","EMv2_3_WBA","A-EMv2.0-WBA 14",-0.835,"AUC EOS
to EOR",1,-0.649156314699793,0.470348101265823,1.11950441596562,"NO","REL AUC"
"LAC","EMv2_3_WBA","A-EMv2.0-WBA 16",-0.636190476190477,"AUC EOS
to EOR",24,-0.649156314699793,0.470348101265823,1.11950441596562,"NO","REL AUC"
"LAC","EMv2_3_WBA","A-EMv2.0-WBA 19",-0.653478260869566,"AUC EOS
to EOR",24,-0.649156314699793,0.470348101265823,1.11950441596562,"NO","REL AUC"
"LAC","EMv2_3_WBA","A-EMv2.0-WBA 20",-0.517256637168142,"AUC EOS
to EOR",24,-0.649156314699793,0.470348101265823,1.11950441596562,"NO","REL AUC"
"LAC","EMv2_3_WBA","A-EMv2.0-WBA 22",0.21139240506329,"AUC EOS
to EOR",6,-0.649156314699793,0.470348101265823,1.11950441596562,"NO","REL AUC"
"LAC","EMv2_3_WBA","A-EMv3.0-WBA 01",1.3078313253012,"AUC EOS
to EOR",24,-0.649156314699793,0.470348101265823,1.11950441596562,"NO","REL AUC"
"LAC","EMv2_3_WBA","A-EMv3.0-WBA 02",2.90434782608696,"AUC EOS
to EOR",24,-0.649156314699793,0.470348101265823,1.11950441596562,"NO","REL AUC"
"LAC","FWB","A-FB 13",-0.65234375,"AUC EOS
to EOR",24,-0.743493150684931,-0.205327868852458,0.538165281832473,"NO","REL AUC"
"LAC","FWB","A-FB 14",-0.205327868852458,"AUC EOS
to EOR",24,-0.743493150684931,-0.205327868852458,0.538165281832473,"NO","REL AUC"
"LAC","FWB","A-FB 16",-0.88560606060606,"AUC EOS
to EOR",24,-0.743493150684931,-0.205327868852458,0.538165281832473,"NO","REL AUC"
"LAC","FWB","A-FB 17",-0.569318181818183,"AUC EOS
to EOR",24,-0.743493150684931,-0.205327868852458,0.538165281832473,"NO","REL AUC"
"LAC","FWB","A-FB 19",-0.527368421052631,"AUC EOS
to EOR",24,-0.743493150684931,-0.205327868852458,0.538165281832473,"NO","REL AUC"
"LAC","FWB","A-FB 22",-1.37405063291139,"AUC EOS
to EOR",24,-0.743493150684931,-0.205327868852458,0.538165281832473,"NO","REL AUC"
"LAC","FWB","A-FB 23",-0.743493150684931,"AUC EOS
to EOR",24,-0.743493150684931,-0.205327868852458,0.538165281832473,"NO","REL AUC"
"LAC","FWB","A-FB 25",-1.27480916030534,"AUC EOS
to EOR",24,-0.743493150684931,-0.205327868852458,0.538165281832473,"NO","REL AUC"
"LAC","FWB","A-FB 26",-0.549342105263158,"AUC EOS
to EOR",24,-0.743493150684931,-0.205327868852458,0.538165281832473,"NO","REL AUC"
"LAC","FWB","A-FB 27",-0.679651162790697,"AUC EOS
to EOR",24,-0.743493150684931,-0.205327868852458,0.538165281832473,"NO","REL AUC"
"LAC","FWB","A-FB 29",-0.795238095238095,"AUC EOS
to EOR",24,-0.743493150684931,-0.205327868852458,0.538165281832473,"NO","REL AUC"
"LAC","FWB","A-FB 31",0,"AUC EOS
to EOR",24,-0.743493150684931,-0.205327868852458,0.538165281832473,"NO","REL AUC"
"LAC","FWB","A-FB 32",-0.499572649572649,"AUC EOS
to EOR",24,-0.743493150684931,-0.205327868852458,0.538165281832473,"NO","REL AUC"
"LAC","FWB","A-FB 34",-0.72608695652174,"AUC EOS
to EOR",24,-0.743493150684931,-0.205327868852458,0.538165281832473,"NO","REL AUC"
"LAC","FWB","A-FB 35",0.573039215686276,"AUC EOS
to EOR",24,-0.743493150684931,-0.205327868852458,0.538165281832473,"NO","REL AUC"
"LAC","FWB","A-FB 37",0.654901960784314,"AUC EOS
to EOR",24,-0.743493150684931,-0.205327868852458,0.538165281832473,"NO","REL AUC"
"LAC","FWB","A-FB 38",0.181521739130434,"AUC EOS
to EOR",24,-0.743493150684931,-0.205327868852458,0.538165281832473,"NO","REL AUC"
"LAC","LR","A-LR 16",0.927777777777778,"AUC EOS
to EOR",24,0.71497338065661,1.75053009575924,1.03555671510262,"NO","REL AUC"
"LAC","LR","A-LR 17",1.71911764705882,"AUC EOS
to EOR",3,0.71497338065661,1.75053009575924,1.03555671510262,"NO","REL AUC"
"LAC","LR","A-LR 18",1.27372881355932,"AUC EOS
to EOR",24,0.71497338065661,1.75053009575924,1.03555671510262,"NO","REL AUC"
"LAC","LR","A-LR 19",0,"AUC EOS
to EOR",24,0.71497338065661,1.75053009575924,1.03555671510262,"NO","REL AUC"
"LAC","LR","A-LR 21",1.07247706422018,"AUC EOS
to EOR",24,0.71497338065661,1.75053009575924,1.03555671510262,"NO","REL AUC"
"LAC","LR","A-LR 23",1.5429347826087,"AUC EOS
to EOR",24,0.71497338065661,1.75053009575924,1.03555671510262,"NO","REL AUC"
"LAC","LR","A-LR 24",-0.6784375,"AUC EOS
to EOR",24,0.71497338065661,1.75053009575924,1.03555671510262,"NO","REL AUC"
"LAC","LR","A-LR 25",1.95703125,"AUC EOS
to EOR",24,0.71497338065661,1.75053009575924,1.03555671510262,"NO","REL AUC"
"LAC","LR","A-LR 26",0.431896551724138,"AUC EOS
to EOR",1,0.71497338065661,1.75053009575924,1.03555671510262,"NO","REL AUC"
"LAC","LR","A-LR 27",0.835,"AUC EOS
to EOR",0,0.71497338065661,1.75053009575924,1.03555671510262,"NO","REL AUC"
"LAC","LR","A-LR 29",3.24271844660194,"AUC EOS
to EOR",24,0.71497338065661,1.75053009575924,1.03555671510262,"NO","REL AUC"
"LAC","LR","A-LR 30",0.566101694915253,"AUC EOS
to EOR",24,0.71497338065661,1.75053009575924,1.03555671510262,"NO","REL AUC"
"LAC","LR","A-LR 32",0.681632653061224,"AUC EOS
to EOR",24,0.71497338065661,1.75053009575924,1.03555671510262,"NO","REL AUC"
"LAC","LR","A-LR 33",2.11265060240964,"AUC EOS
to EOR",24,0.71497338065661,1.75053009575924,1.03555671510262,"NO","REL AUC"
"LAC","LR","A-LR 35",0.997014925373134,"AUC EOS
to EOR",24,0.71497338065661,1.75053009575924,1.03555671510262,"NO","REL AUC"
"LAC","LR","A-LR 37",2.82822580645161,"AUC EOS
to EOR",24,0.71497338065661,1.75053009575924,1.03555671510262,"NO","REL AUC"
"LAC","LR","A-LR 40",1.59047619047619,"AUC EOS
to EOR",24,0.71497338065661,1.75053009575924,1.03555671510262,"NO","REL AUC"
"LAC","LR","A-LR 41",1.84476744186047,"AUC EOS
to EOR",24,0.71497338065661,1.75053009575924,1.03555671510262,"NO","REL AUC"
"LAC","LR","A-LR 42",0.726086956521739,"AUC EOS
to EOR",1,0.71497338065661,1.75053009575924,1.03555671510262,"NO","REL AUC"
"LAC","LR","A-LR 43",1.13863636363636,"AUC EOS
to EOR",3,0.71497338065661,1.75053009575924,1.03555671510262,"NO","REL AUC"
"LAC","SWB","A-SB 04",-1.58362068965517,"AUC EOS
to EOR",24,-0.302102346805737,0.657215803589849,0.959318150395586,"NO","REL AUC"
"LAC","SWB","A-SB 06",-0.321153846153846,"AUC EOS
to EOR",24,-0.302102346805737,0.657215803589849,0.959318150395586,"NO","REL AUC"
"LAC","SWB","A-SB 07",-0.283050847457627,"AUC EOS
to EOR",24,-0.302102346805737,0.657215803589849,0.959318150395586,"NO","REL AUC"
"LAC","SWB","A-SB 09",-0.927777777777778,"AUC EOS
to EOR",24,-0.302102346805737,0.657215803589849,0.959318150395586,"NO","REL AUC"
"LAC","SWB","A-SB 16",0.4175,"AUC EOS
to EOR",24,-0.302102346805737,0.657215803589849,0.959318150395586,"NO","REL AUC"
"LAC","SWB","A-SB 18",0,"AUC EOS
to EOR",24,-0.302102346805737,0.657215803589849,0.959318150395586,"NO","REL AUC"
"LAC","SWB","A-SB 26",1.33115942028985,"AUC EOS
to EOR",24,-0.302102346805737,0.657215803589849,0.959318150395586,"NO","REL AUC"
"LAC","SWB","A-SB 27",0.463888888888889,"AUC EOS
to EOR",24,-0.302102346805737,0.657215803589849,0.959318150395586,"NO","REL AUC"
"LAC","SWB","A-SB 29",0.637404580152672,"AUC EOS
to EOR",24,-0.302102346805737,0.657215803589849,0.959318150395586,"NO","REL AUC"
"LAC","SWB","A-SB 30",0.677027027027027,"AUC EOS
to EOR",24,-0.302102346805737,0.657215803589849,0.959318150395586,"NO","REL AUC"
"LAC","SWB","A-SB 31",1.12584269662921,"AUC EOS
to EOR",24,-0.302102346805737,0.657215803589849,0.959318150395586,"NO","REL AUC"
"MAP","EMv2_3_WBA","A-EMv2.0-WBA 11",7.36764705882353,"AUC EOS
to EOR",24,2.10199652777778,7.24046743697479,5.13847090919701,"NO","REL AUC"
"MAP","EMv2_3_WBA","A-EMv2.0-WBA 12",-0.994047619047619,"AUC EOS
to EOR",24,2.10199652777778,7.24046743697479,5.13847090919701,"NO","REL AUC"
"MAP","EMv2_3_WBA","A-EMv2.0-WBA 13",3.71111111111111,"AUC EOS
to EOR",24,2.10199652777778,7.24046743697479,5.13847090919701,"NO","REL AUC"
"MAP","EMv2_3_WBA","A-EMv2.0-WBA 14",12.6796296296296,"AUC EOS
to EOR",1,2.10199652777778,7.24046743697479,5.13847090919701,"NO","REL AUC"
"MAP","EMv2_3_WBA","A-EMv2.0-WBA 16",3.93867924528302,"AUC EOS
to EOR",24,2.10199652777778,7.24046743697479,5.13847090919701,"NO","REL AUC"
"MAP","EMv2_3_WBA","A-EMv2.0-WBA 19",1.565625,"AUC EOS
to EOR",24,2.10199652777778,7.24046743697479,5.13847090919701,"NO","REL AUC"
"MAP","EMv2_3_WBA","A-EMv2.0-WBA 20",9.10909090909091,"AUC EOS
to EOR",24,2.10199652777778,7.24046743697479,5.13847090919701,"NO","REL AUC"
"MAP","EMv2_3_WBA","A-EMv2.0-WBA 22",1.55866666666667,"AUC EOS
to EOR",24,2.10199652777778,7.24046743697479,5.13847090919701,"NO","REL AUC"
"MAP","EMv2_3_WBA","A-EMv3.0-WBA 01",4.175,"AUC EOS
to EOR",24,2.10199652777778,7.24046743697479,5.13847090919701,"NO","REL AUC"
"MAP","EMv2_3_WBA","A-EMv3.0-WBA 02",6.85892857142857,"AUC EOS
to EOR",24,2.10199652777778,7.24046743697479,5.13847090919701,"NO","REL AUC"
"MAP","FWB","A-FB 13",5.49878048780488,"AUC EOS
to EOR",24,2.12063492063492,5.49878048780488,3.37814556716996,"NO","REL AUC"
"MAP","FWB","A-FB 14",7.25131578947368,"AUC EOS
to EOR",24,2.12063492063492,5.49878048780488,3.37814556716996,"NO","REL AUC"
"MAP","FWB","A-FB 16",4.26777777777778,"AUC EOS
to EOR",24,2.12063492063492,5.49878048780488,3.37814556716996,"NO","REL AUC"
"MAP","FWB","A-FB 17",2.26440677966102,"AUC EOS
to EOR",24,2.12063492063492,5.49878048780488,3.37814556716996,"NO","REL AUC"
"MAP","FWB","A-FB 19",4.73918918918919,"AUC EOS
to EOR",24,2.12063492063492,5.49878048780488,3.37814556716996,"NO","REL AUC"
"MAP","FWB","A-FB 22",0.770769230769231,"AUC EOS
to EOR",24,2.12063492063492,5.49878048780488,3.37814556716996,"NO","REL AUC"
"MAP","FWB","A-FB 23",2.0875,"AUC EOS
to EOR",24,2.12063492063492,5.49878048780488,3.37814556716996,"NO","REL AUC"
"MAP","FWB","A-FB 25",9.57794117647059,"AUC EOS
to EOR",24,2.12063492063492,5.49878048780488,3.37814556716996,"NO","REL AUC"
"MAP","FWB","A-FB 26",2.0875,"AUC EOS
to EOR",24,2.12063492063492,5.49878048780488,3.37814556716996,"NO","REL AUC"
"MAP","FWB","A-FB 27",4.7195652173913,"AUC EOS
to EOR",24,2.12063492063492,5.49878048780488,3.37814556716996,"NO","REL AUC"
"MAP","FWB","A-FB 29",6.45227272727273,"AUC EOS
to EOR",24,2.12063492063492,5.49878048780488,3.37814556716996,"NO","REL AUC"
"MAP","FWB","A-FB 31",5.69318181818182,"AUC EOS
to EOR",24,2.12063492063492,5.49878048780488,3.37814556716996,"NO","REL AUC"
"MAP","FWB","A-FB 32",4.68771929824561,"AUC EOS
to EOR",24,2.12063492063492,5.49878048780488,3.37814556716996,"NO","REL AUC"
"MAP","FWB","A-FB 34",4.65673076923077,"AUC EOS
to EOR",24,2.12063492063492,5.49878048780488,3.37814556716996,"NO","REL AUC"
"MAP","FWB","A-FB 35",2.12063492063492,"AUC EOS
to EOR",24,2.12063492063492,5.49878048780488,3.37814556716996,"NO","REL AUC"
"MAP","FWB","A-FB 37",0.804819277108434,"AUC EOS
to EOR",24,2.12063492063492,5.49878048780488,3.37814556716996,"NO","REL AUC"
"MAP","FWB","A-FB 38",2.53482142857143,"AUC EOS
to EOR",24,2.12063492063492,5.49878048780488,3.37814556716996,"NO","REL AUC"
"MAP","LR","A-LR 16",-2.43541666666667,"AUC EOS
to EOR",24,-0.577655737704918,4.9578125,5.53546823770492,"NO","REL AUC"
"MAP","LR","A-LR 17",9.69677419354839,"AUC EOS
to EOR",3,-0.577655737704918,4.9578125,5.53546823770492,"NO","REL AUC"
"MAP","LR","A-LR 18",-0.668,"AUC EOS
to EOR",24,-0.577655737704918,4.9578125,5.53546823770492,"NO","REL AUC"
"MAP","LR","A-LR 19",3.3797619047619,"AUC EOS
to EOR",24,-0.577655737704918,4.9578125,5.53546823770492,"NO","REL AUC"
"MAP","LR","A-LR 21",-1.13863636363636,"AUC EOS
to EOR",24,-0.577655737704918,4.9578125,5.53546823770492,"NO","REL AUC"
"MAP","LR","A-LR 23",4.175,"AUC EOS
to EOR",24,-0.577655737704918,4.9578125,5.53546823770492,"NO","REL AUC"
"MAP","LR","A-LR 24",-0.547540983606557,"AUC EOS
to EOR",24,-0.577655737704918,4.9578125,5.53546823770492,"NO","REL AUC"
"MAP","LR","A-LR 25",5.21875,"AUC EOS
to EOR",24,-0.577655737704918,4.9578125,5.53546823770492,"NO","REL AUC"
"MAP","LR","A-LR 26",4.29428571428571,"AUC EOS
to EOR",1,-0.577655737704918,4.9578125,5.53546823770492,"NO","REL AUC"
"MAP","LR","A-LR 27",2.4241935483871,"AUC EOS
to EOR",0,-0.577655737704918,4.9578125,5.53546823770492,"NO","REL AUC"
"MAP","LR","A-LR 29",-3.71111111111111,"AUC EOS
to EOR",24,-0.577655737704918,4.9578125,5.53546823770492,"NO","REL AUC"
"MAP","LR","A-LR 30",0.596428571428572,"AUC EOS
to EOR",24,-0.577655737704918,4.9578125,5.53546823770492,"NO","REL AUC"
"MAP","LR","A-LR 32",-1.19285714285714,"AUC EOS
to EOR",24,-0.577655737704918,4.9578125,5.53546823770492,"NO","REL AUC"
"MAP","LR","A-LR 33",1.12403846153846,"AUC EOS
to EOR",24,-0.577655737704918,4.9578125,5.53546823770492,"NO","REL AUC"
"MAP","LR","A-LR 35",1.565625,"AUC EOS
to EOR",24,-0.577655737704918,4.9578125,5.53546823770492,"NO","REL AUC"
"MAP","LR","A-LR 37",9.27777777777778,"AUC EOS
to EOR",24,-0.577655737704918,4.9578125,5.53546823770492,"NO","REL AUC"
"MAP","LR","A-LR 40",2.73534482758621,"AUC EOS
to EOR",24,-0.577655737704918,4.9578125,5.53546823770492,"NO","REL AUC"
"MAP","LR","A-LR 41",5.21875,"AUC EOS
to EOR",24,-0.577655737704918,4.9578125,5.53546823770492,"NO","REL AUC"
"MAP","LR","A-LR 42",4.87083333333333,"AUC EOS
to EOR",1,-0.577655737704918,4.9578125,5.53546823770492,"NO","REL AUC"
"MAP","LR","A-LR 43",5.33472222222222,"AUC EOS
to EOR",3,-0.577655737704918,4.9578125,5.53546823770492,"NO","REL AUC"
"MAP","SWB","A-SB 01",-0.776744186046512,"AUC EOS
to EOR",24,1.22794117647059,5.44565217391304,4.21771099744246,"NO","REL AUC"
"MAP","SWB","A-SB 02",11.9285714285714,"AUC EOS
to EOR",24,1.22794117647059,5.44565217391304,4.21771099744246,"NO","REL AUC"
"MAP","SWB","A-SB 04",4.87083333333333,"AUC EOS
to EOR",24,1.22794117647059,5.44565217391304,4.21771099744246,"NO","REL AUC"
"MAP","SWB","A-SB 06",5.56666666666667,"AUC EOS
to EOR",24,1.22794117647059,5.44565217391304,4.21771099744246,"NO","REL AUC"
"MAP","SWB","A-SB 07",0.958196721311475,"AUC EOS
to EOR",24,1.22794117647059,5.44565217391304,4.21771099744246,"NO","REL AUC"
"MAP","SWB","A-SB 09",0.556666666666667,"AUC EOS
to EOR",24,1.22794117647059,5.44565217391304,4.21771099744246,"NO","REL AUC"
"MAP","SWB","A-SB 16",5.75862068965517,"AUC EOS
to EOR",24,1.22794117647059,5.44565217391304,4.21771099744246,"NO","REL AUC"
"MAP","SWB","A-SB 18",3.96625,"AUC EOS
to EOR",24,1.22794117647059,5.44565217391304,4.21771099744246,"NO","REL AUC"
"MAP","SWB","A-SB 26",1.22794117647059,"AUC EOS
to EOR",24,1.22794117647059,5.44565217391304,4.21771099744246,"NO","REL AUC"
"MAP","SWB","A-SB 27",5.31363636363636,"AUC EOS
to EOR",24,1.22794117647059,5.44565217391304,4.21771099744246,"NO","REL AUC"
"MAP","SWB","A-SB 29",1.51818181818182,"AUC EOS
to EOR",24,1.22794117647059,5.44565217391304,4.21771099744246,"NO","REL AUC"
"MAP","SWB","A-SB 30",3.7656862745098,"AUC EOS
to EOR",24,1.22794117647059,5.44565217391304,4.21771099744246,"NO","REL AUC"
"MAP","SWB","A-SB 31",5.44565217391304,"AUC EOS
to EOR",24,1.22794117647059,5.44565217391304,4.21771099744246,"NO","REL AUC"
"LAC","EMv2_3_WBA","A-EMv2.0-WBA 11",0.927037037037036,"AUC EOS
to 1 hr",24,-27.4239285714286,-6.03108407079646,21.3928445006321,"NO","REL AUC"
"LAC","EMv2_3_WBA","A-EMv2.0-WBA 12",-29.3690476190476,"AUC EOS
to 1 hr",24,-27.4239285714286,-6.03108407079646,21.3928445006321,"NO","REL AUC"
"LAC","EMv2_3_WBA","A-EMv2.0-WBA 13",-16.5247863247863,"AUC EOS
to 1 hr",24,-27.4239285714286,-6.03108407079646,21.3928445006321,"NO","REL AUC"
"LAC","EMv2_3_WBA","A-EMv2.0-WBA 14",-3.335,"AUC EOS
to 1 hr",1,-27.4239285714286,-6.03108407079646,21.3928445006321,"NO","REL AUC"
"LAC","EMv2_3_WBA","A-EMv2.0-WBA 16",-21.5885714285714,"AUC EOS
to 1 hr",24,-27.4239285714286,-6.03108407079646,21.3928445006321,"NO","REL AUC"
"LAC","EMv2_3_WBA","A-EMv2.0-WBA 19",-29.7839130434783,"AUC EOS
to 1 hr",24,-27.4239285714286,-6.03108407079646,21.3928445006321,"NO","REL AUC"
"LAC","EMv2_3_WBA","A-EMv2.0-WBA 20",-8.92433628318585,"AUC EOS
to 1 hr",24,-27.4239285714286,-6.03108407079646,21.3928445006321,"NO","REL AUC"
"LAC","EMv2_3_WBA","A-EMv2.0-WBA 22",-29.5354430379747,"AUC EOS
to 1 hr",6,-27.4239285714286,-6.03108407079646,21.3928445006321,"NO","REL AUC"
"LAC","EMv2_3_WBA","A-EMv3.0-WBA 01",-10.1379518072289,"AUC EOS
to 1 hr",24,-27.4239285714286,-6.03108407079646,21.3928445006321,"NO","REL AUC"
"LAC","EMv2_3_WBA","A-EMv3.0-WBA 02",-5.06666666666667,"AUC EOS
to 1 hr",24,-27.4239285714286,-6.03108407079646,21.3928445006321,"NO","REL AUC"
"LAC","FWB","A-FB 13",-37.37109375,"AUC EOS
to 1 hr",24,-33.5238636363637,-23.446568627451,10.0772950089127,"NO","REL AUC"
"LAC","FWB","A-FB 14",-29.3036885245902,"AUC EOS
to 1 hr",24,-33.5238636363637,-23.446568627451,10.0772950089127,"NO","REL AUC"
"LAC","FWB","A-FB 16",-39.9007575757576,"AUC EOS
to 1 hr",24,-33.5238636363637,-23.446568627451,10.0772950089127,"NO","REL AUC"
"LAC","FWB","A-FB 17",-33.5238636363637,"AUC EOS
to 1 hr",24,-33.5238636363637,-23.446568627451,10.0772950089127,"NO","REL AUC"
"LAC","FWB","A-FB 19",-30.5273684210526,"AUC EOS
to 1 hr",24,-33.5238636363637,-23.446568627451,10.0772950089127,"NO","REL AUC"
"LAC","FWB","A-FB 22",-22.2601265822785,"AUC EOS
to 1 hr",24,-33.5238636363637,-23.446568627451,10.0772950089127,"NO","REL AUC"
"LAC","FWB","A-FB 23",-32.5928082191781,"AUC EOS
to 1 hr",24,-33.5238636363637,-23.446568627451,10.0772950089127,"NO","REL AUC"
"LAC","FWB","A-FB 25",-25.7022900763359,"AUC EOS
to 1 hr",24,-33.5238636363637,-23.446568627451,10.0772950089127,"NO","REL AUC"
"LAC","FWB","A-FB 26",-29.4967105263158,"AUC EOS
to 1 hr",24,-33.5238636363637,-23.446568627451,10.0772950089127,"NO","REL AUC"
"LAC","FWB","A-FB 27",-32.075,"AUC EOS
to 1 hr",24,-33.5238636363637,-23.446568627451,10.0772950089127,"NO","REL AUC"
"LAC","FWB","A-FB 29",-39.3666666666667,"AUC EOS
to 1 hr",24,-33.5238636363637,-23.446568627451,10.0772950089127,"NO","REL AUC"
"LAC","FWB","A-FB 31",-20.6,"AUC EOS
to 1 hr",24,-33.5238636363637,-23.446568627451,10.0772950089127,"NO","REL AUC"
"LAC","FWB","A-FB 32",-25.7132478632479,"AUC EOS
to 1 hr",24,-33.5238636363637,-23.446568627451,10.0772950089127,"NO","REL AUC"
"LAC","FWB","A-FB 34",-34.4217391304348,"AUC EOS
to 1 hr",24,-33.5238636363637,-23.446568627451,10.0772950089127,"NO","REL AUC"
"LAC","FWB","A-FB 35",-23.446568627451,"AUC EOS
to 1 hr",24,-33.5238636363637,-23.446568627451,10.0772950089127,"NO","REL AUC"
"LAC","FWB","A-FB 37",-14.5411764705882,"AUC EOS
to 1 hr",24,-33.5238636363637,-23.446568627451,10.0772950089127,"NO","REL AUC"
"LAC","FWB","A-FB 38",-23.006884057971,"AUC EOS
to 1 hr",24,-33.5238636363637,-23.446568627451,10.0772950089127,"NO","REL AUC"
"LAC","LR","A-LR 16",-6.29444444444444,"AUC EOS
to 1 hr",24,-5.71321059431524,13.9913487133984,19.7045593077136,"NO","REL AUC"
"LAC","LR","A-LR 17",8.09166666666668,"AUC EOS
to 1 hr",3,-5.71321059431524,13.9913487133984,19.7045593077136,"NO","REL AUC"
"LAC","LR","A-LR 18",-0.844915254237296,"AUC EOS
to 1 hr",24,-5.71321059431524,13.9913487133984,19.7045593077136,"NO","REL AUC"
"LAC","LR","A-LR 19",-26.9444444444444,"AUC EOS
to 1 hr",24,-5.71321059431524,13.9913487133984,19.7045593077136,"NO","REL AUC"
"LAC","LR","A-LR 21",-11.3128440366972,"AUC EOS
to 1 hr",24,-5.71321059431524,13.9913487133984,19.7045593077136,"NO","REL AUC"
"LAC","LR","A-LR 23",3.71684782608697,"AUC EOS
to 1 hr",24,-5.71321059431524,13.9913487133984,19.7045593077136,"NO","REL AUC"
"LAC","LR","A-LR 24",-20.0534375,"AUC EOS
to 1 hr",24,-5.71321059431524,13.9913487133984,19.7045593077136,"NO","REL AUC"
"LAC","LR","A-LR 25",19.92578125,"AUC EOS
to 1 hr",24,-5.71321059431524,13.9913487133984,19.7045593077136,"NO","REL AUC"
"LAC","LR","A-LR 26",-9.05086206896551,"AUC EOS
to 1 hr",1,-5.71321059431524,13.9913487133984,19.7045593077136,"NO","REL AUC"
"LAC","LR","A-LR 29",22.1747572815534,"AUC EOS
to 1 hr",24,-5.71321059431524,13.9913487133984,19.7045593077136,"NO","REL AUC"
"LAC","LR","A-LR 30",23.4474576271186,"AUC EOS
to 1 hr",24,-5.71321059431524,13.9913487133984,19.7045593077136,"NO","REL AUC"
"LAC","LR","A-LR 32",9.86530612244897,"AUC EOS
to 1 hr",24,-5.71321059431524,13.9913487133984,19.7045593077136,"NO","REL AUC"
"LAC","LR","A-LR 33",-3.91144578313253,"AUC EOS
to 1 hr",24,-5.71321059431524,13.9913487133984,19.7045593077136,"NO","REL AUC"
"LAC","LR","A-LR 35",2.86268656716418,"AUC EOS
to 1 hr",24,-5.71321059431524,13.9913487133984,19.7045593077136,"NO","REL AUC"
"LAC","LR","A-LR 37",4.44112903225807,"AUC EOS
to 1 hr",24,-5.71321059431524,13.9913487133984,19.7045593077136,"NO","REL AUC"
"LAC","LR","A-LR 40",-0.393650793650793,"AUC EOS
to 1 hr",24,-5.71321059431524,13.9913487133984,19.7045593077136,"NO","REL AUC"
"LAC","LR","A-LR 41",-5.13197674418604,"AUC EOS
to 1 hr",24,-5.71321059431524,13.9913487133984,19.7045593077136,"NO","REL AUC"
"LAC","LR","A-LR 42",18.1173913043478,"AUC EOS
to 1 hr",1,-5.71321059431524,13.9913487133984,19.7045593077136,"NO","REL AUC"
"LAC","LR","A-LR 43",23.8659090909091,"AUC EOS
to 1 hr",3,-5.71321059431524,13.9913487133984,19.7045593077136,"NO","REL AUC"
"LAC","SWB","A-SB 01",-22.124375,"AUC EOS
to 1 hr",24,-31.4833333333333,-14.5361111111111,16.9472222222222,"NO","REL AUC"
"LAC","SWB","A-SB 02",-20.8392857142857,"AUC EOS
to 1 hr",24,-31.4833333333333,-14.5361111111111,16.9472222222222,"NO","REL AUC"
"LAC","SWB","A-SB 04",-39.5146551724138,"AUC EOS
to 1 hr",24,-31.4833333333333,-14.5361111111111,16.9472222222222,"NO","REL AUC"
"LAC","SWB","A-SB 06",-33.3980769230769,"AUC EOS
to 1 hr",24,-31.4833333333333,-14.5361111111111,16.9472222222222,"NO","REL AUC"
"LAC","SWB","A-SB 07",-33.7576271186441,"AUC EOS
to 1 hr",24,-31.4833333333333,-14.5361111111111,16.9472222222222,"NO","REL AUC"
"LAC","SWB","A-SB 09",-31.4833333333333,"AUC EOS
to 1 hr",24,-31.4833333333333,-14.5361111111111,16.9472222222222,"NO","REL AUC"
"LAC","SWB","A-SB 16",-10.3325,"AUC EOS
to 1 hr",24,-31.4833333333333,-14.5361111111111,16.9472222222222,"NO","REL AUC"
"LAC","SWB","A-SB 18",-31.3131313131313,"AUC EOS
to 1 hr",24,-31.4833333333333,-14.5361111111111,16.9472222222222,"NO","REL AUC"
"LAC","SWB","A-SB 26",-10.2630434782609,"AUC EOS
to 1 hr",24,-31.4833333333333,-14.5361111111111,16.9472222222222,"NO","REL AUC"
"LAC","SWB","A-SB 27",-14.5361111111111,"AUC EOS
to 1 hr",24,-31.4833333333333,-14.5361111111111,16.9472222222222,"NO","REL AUC"
"LAC","SWB","A-SB 29",-10.8129770992366,"AUC EOS
to 1 hr",24,-31.4833333333333,-14.5361111111111,16.9472222222222,"NO","REL AUC"
"LAC","SWB","A-SB 30",-15.877027027027,"AUC EOS
to 1 hr",24,-31.4833333333333,-14.5361111111111,16.9472222222222,"NO","REL AUC"
"LAC","SWB","A-SB 31",-24.1550561797753,"AUC EOS
to 1 hr",24,-31.4833333333333,-14.5361111111111,16.9472222222222,"NO","REL AUC"
"MAP","EMv2_3_WBA","A-EMv2.0-WBA 11",110.308823529412,"AUC EOS
to 1 hr",24,32.4507517688679,103.865992647059,71.4152408781909,"NO","REL AUC"
"MAP","EMv2_3_WBA","A-EMv2.0-WBA 12",-3.375,"AUC EOS
to 1 hr",24,32.4507517688679,103.865992647059,71.4152408781909,"NO","REL AUC"
"MAP","EMv2_3_WBA","A-EMv2.0-WBA 13",43.5259259259259,"AUC EOS
to 1 hr",24,32.4507517688679,103.865992647059,71.4152408781909,"NO","REL AUC"
"MAP","EMv2_3_WBA","A-EMv2.0-WBA 14",133.05,"AUC EOS
to 1 hr",1,32.4507517688679,103.865992647059,71.4152408781909,"NO","REL AUC"
"MAP","EMv2_3_WBA","A-EMv2.0-WBA 16",40.7311320754717,"AUC EOS
to 1 hr",24,32.4507517688679,103.865992647059,71.4152408781909,"NO","REL AUC"
"MAP","EMv2_3_WBA","A-EMv2.0-WBA 19",29.690625,"AUC EOS
to 1 hr",24,32.4507517688679,103.865992647059,71.4152408781909,"NO","REL AUC"
"MAP","EMv2_3_WBA","A-EMv2.0-WBA 20",140.927272727273,"AUC EOS
to 1 hr",24,32.4507517688679,103.865992647059,71.4152408781909,"NO","REL AUC"
"MAP","EMv2_3_WBA","A-EMv2.0-WBA 22",8.22533333333334,"AUC EOS
to 1 hr",24,32.4507517688679,103.865992647059,71.4152408781909,"NO","REL AUC"
"MAP","EMv2_3_WBA","A-EMv3.0-WBA 01",65.2861111111111,"AUC EOS
to 1 hr",24,32.4507517688679,103.865992647059,71.4152408781909,"NO","REL AUC"
"MAP","EMv2_3_WBA","A-EMv3.0-WBA 02",84.5375,"AUC EOS
to 1 hr",24,32.4507517688679,103.865992647059,71.4152408781909,"NO","REL AUC"
"MAP","FWB","A-FB 13",65.2548780487805,"AUC EOS
to 1 hr",24,27.6938461538461,65.2548780487805,37.5610318949343,"NO","REL AUC"
"MAP","FWB","A-FB 14",74.3565789473684,"AUC EOS
to 1 hr",24,27.6938461538461,65.2548780487805,37.5610318949343,"NO","REL AUC"
"MAP","FWB","A-FB 16",53.1566666666667,"AUC EOS
to 1 hr",24,27.6938461538461,65.2548780487805,37.5610318949343,"NO","REL AUC"
"MAP","FWB","A-FB 17",15.8237288135593,"AUC EOS
to 1 hr",24,27.6938461538461,65.2548780487805,37.5610318949343,"NO","REL AUC"
"MAP","FWB","A-FB 19",54.7391891891892,"AUC EOS
to 1 hr",24,27.6938461538461,65.2548780487805,37.5610318949343,"NO","REL AUC"
"MAP","FWB","A-FB 22",27.6938461538461,"AUC EOS
to 1 hr",24,27.6938461538461,65.2548780487805,37.5610318949343,"NO","REL AUC"
"MAP","FWB","A-FB 23",20.3567307692308,"AUC EOS
to 1 hr",24,27.6938461538461,65.2548780487805,37.5610318949343,"NO","REL AUC"
"MAP","FWB","A-FB 25",109.577941176471,"AUC EOS
to 1 hr",24,27.6938461538461,65.2548780487805,37.5610318949343,"NO","REL AUC"
"MAP","FWB","A-FB 26",49.5875,"AUC EOS
to 1 hr",24,27.6938461538461,65.2548780487805,37.5610318949343,"NO","REL AUC"
"MAP","FWB","A-FB 27",59.0673913043478,"AUC EOS
to 1 hr",24,27.6938461538461,65.2548780487805,37.5610318949343,"NO","REL AUC"
"MAP","FWB","A-FB 29",75.7704545454545,"AUC EOS
to 1 hr",24,27.6938461538461,65.2548780487805,37.5610318949343,"NO","REL AUC"
"MAP","FWB","A-FB 31",69.3295454545455,"AUC EOS
to 1 hr",24,27.6938461538461,65.2548780487805,37.5610318949343,"NO","REL AUC"
"MAP","FWB","A-FB 32",50.3017543859649,"AUC EOS
to 1 hr",24,27.6938461538461,65.2548780487805,37.5610318949343,"NO","REL AUC"
"MAP","FWB","A-FB 34",48.8875,"AUC EOS
to 1 hr",24,27.6938461538461,65.2548780487805,37.5610318949343,"NO","REL AUC"
"MAP","FWB","A-FB 35",26.7238095238095,"AUC EOS
to 1 hr",24,27.6938461538461,65.2548780487805,37.5610318949343,"NO","REL AUC"
"MAP","FWB","A-FB 37",5.62409638554217,"AUC EOS
to 1 hr",24,27.6938461538461,65.2548780487805,37.5610318949343,"NO","REL AUC"
"MAP","FWB","A-FB 38",47.1776785714286,"AUC EOS
to 1 hr",24,27.6938461538461,65.2548780487805,37.5610318949343,"NO","REL AUC"
"MAP","LR","A-LR 16",-36.4631944444444,"AUC EOS
to 1 hr",24,-1.54350117096019,55.3739583333333,56.9174595042935,"NO","REL AUC"
"MAP","LR","A-LR 17",104.858064516129,"AUC EOS
to 1 hr",3,-1.54350117096019,55.3739583333333,56.9174595042935,"NO","REL AUC"
"MAP","LR","A-LR 18",-6.668,"AUC EOS
to 1 hr",24,-1.54350117096019,55.3739583333333,56.9174595042935,"NO","REL AUC"
"MAP","LR","A-LR 19",48.6178571428571,"AUC EOS
to 1 hr",24,-1.54350117096019,55.3739583333333,56.9174595042935,"NO","REL AUC"
"MAP","LR","A-LR 21",-10.2295454545455,"AUC EOS
to 1 hr",24,-1.54350117096019,55.3739583333333,56.9174595042935,"NO","REL AUC"
"MAP","LR","A-LR 23",50.8416666666667,"AUC EOS
to 1 hr",24,-1.54350117096019,55.3739583333333,56.9174595042935,"NO","REL AUC"
"MAP","LR","A-LR 24",-5.4655737704918,"AUC EOS
to 1 hr",24,-1.54350117096019,55.3739583333333,56.9174595042935,"NO","REL AUC"
"MAP","LR","A-LR 25",59.90625,"AUC EOS
to 1 hr",24,-1.54350117096019,55.3739583333333,56.9174595042935,"NO","REL AUC"
"MAP","LR","A-LR 26",60.0085714285714,"AUC EOS
to 1 hr",1,-1.54350117096019,55.3739583333333,56.9174595042935,"NO","REL AUC"
"MAP","LR","A-LR 29",-41.4888888888889,"AUC EOS
to 1 hr",24,-1.54350117096019,55.3739583333333,56.9174595042935,"NO","REL AUC"
"MAP","LR","A-LR 30",11.3107142857143,"AUC EOS
to 1 hr",24,-1.54350117096019,55.3739583333333,56.9174595042935,"NO","REL AUC"
"MAP","LR","A-LR 32",2.37857142857143,"AUC EOS
to 1 hr",24,-1.54350117096019,55.3739583333333,56.9174595042935,"NO","REL AUC"
"MAP","LR","A-LR 33",22.2778846153846,"AUC EOS
to 1 hr",24,-1.54350117096019,55.3739583333333,56.9174595042935,"NO","REL AUC"
"MAP","LR","A-LR 35",34.8989583333333,"AUC EOS
to 1 hr",24,-1.54350117096019,55.3739583333333,56.9174595042935,"NO","REL AUC"
"MAP","LR","A-LR 37",102.333333333333,"AUC EOS
to 1 hr",24,-1.54350117096019,55.3739583333333,56.9174595042935,"NO","REL AUC"
"MAP","LR","A-LR 40",27.7353448275862,"AUC EOS
to 1 hr",24,-1.54350117096019,55.3739583333333,56.9174595042935,"NO","REL AUC"
"MAP","LR","A-LR 41",72.71875,"AUC EOS
to 1 hr",24,-1.54350117096019,55.3739583333333,56.9174595042935,"NO","REL AUC"
"MAP","LR","A-LR 42",34.0375,"AUC EOS
to 1 hr",1,-1.54350117096019,55.3739583333333,56.9174595042935,"NO","REL AUC"
"MAP","LR","A-LR 43",38.6680555555556,"AUC EOS
to 1 hr",3,-1.54350117096019,55.3739583333333,56.9174595042935,"NO","REL AUC"
"MAP","SWB","A-SB 01",24.8046511627907,"AUC EOS
to 1 hr",24,24.8046511627907,78.96625,54.1615988372093,"NO","REL AUC"
"MAP","SWB","A-SB 02",144.071428571429,"AUC EOS
to 1 hr",24,24.8046511627907,78.96625,54.1615988372093,"NO","REL AUC"
"MAP","SWB","A-SB 04",54.8708333333333,"AUC EOS
to 1 hr",24,24.8046511627907,78.96625,54.1615988372093,"NO","REL AUC"
"MAP","SWB","A-SB 06",120.566666666667,"AUC EOS
to 1 hr",24,24.8046511627907,78.96625,54.1615988372093,"NO","REL AUC"
"MAP","SWB","A-SB 07",14.0729508196721,"AUC EOS
to 1 hr",24,24.8046511627907,78.96625,54.1615988372093,"NO","REL AUC"
"MAP","SWB","A-SB 09",23.89,"AUC EOS
to 1 hr",24,24.8046511627907,78.96625,54.1615988372093,"NO","REL AUC"
"MAP","SWB","A-SB 16",83.3448275862069,"AUC EOS
to 1 hr",24,24.8046511627907,78.96625,54.1615988372093,"NO","REL AUC"
"MAP","SWB","A-SB 18",78.96625,"AUC EOS
to 1 hr",24,24.8046511627907,78.96625,54.1615988372093,"NO","REL AUC"
"MAP","SWB","A-SB 26",22.5514705882353,"AUC EOS
to 1 hr",24,24.8046511627907,78.96625,54.1615988372093,"NO","REL AUC"
"MAP","SWB","A-SB 27",68.95,"AUC EOS
to 1 hr",24,24.8046511627907,78.96625,54.1615988372093,"NO","REL AUC"
"MAP","SWB","A-SB 29",31.5181818181818,"AUC EOS
to 1 hr",24,24.8046511627907,78.96625,54.1615988372093,"NO","REL AUC"
"MAP","SWB","A-SB 30",43.9617647058824,"AUC EOS
to 1 hr",24,24.8046511627907,78.96625,54.1615988372093,"NO","REL AUC"
"MAP","SWB","A-SB 31",68.4891304347826,"AUC EOS
to 1 hr",24,24.8046511627907,78.96625,54.1615988372093,"NO","REL AUC"
"LAC","EMv2_3_WBA","A-EMv2.0-WBA 11",-70.1840740740741,"AUC EOS
to 3 hr",24,-136.826666666667,-94.3025641025641,42.5241025641026,"NO","REL AUC"
"LAC","EMv2_3_WBA","A-EMv2.0-WBA 12",-94.8452380952381,"AUC EOS
to 3 hr",24,-136.826666666667,-94.3025641025641,42.5241025641026,"NO","REL AUC"
"LAC","EMv2_3_WBA","A-EMv2.0-WBA 13",-94.3025641025641,"AUC EOS
to 3 hr",24,-136.826666666667,-94.3025641025641,42.5241025641026,"NO","REL AUC"
"LAC","EMv2_3_WBA","A-EMv2.0-WBA 16",-136.826666666667,"AUC EOS
to 3 hr",24,-136.826666666667,-94.3025641025641,42.5241025641026,"NO","REL AUC"
"LAC","EMv2_3_WBA","A-EMv2.0-WBA 19",-157.61,"AUC EOS
to 3 hr",24,-136.826666666667,-94.3025641025641,42.5241025641026,"NO","REL AUC"
"LAC","EMv2_3_WBA","A-EMv2.0-WBA 20",-58.4818584070797,"AUC EOS
to 3 hr",24,-136.826666666667,-94.3025641025641,42.5241025641026,"NO","REL AUC"
"LAC","EMv2_3_WBA","A-EMv2.0-WBA 22",-168.775949367089,"AUC EOS
to 3 hr",6,-136.826666666667,-94.3025641025641,42.5241025641026,"NO","REL AUC"
"LAC","EMv2_3_WBA","A-EMv3.0-WBA 01",-130.619879518072,"AUC EOS
to 3 hr",24,-136.826666666667,-94.3025641025641,42.5241025641026,"NO","REL AUC"
"LAC","EMv2_3_WBA","A-EMv3.0-WBA 02",-134.052173913044,"AUC EOS
to 3 hr",24,-136.826666666667,-94.3025641025641,42.5241025641026,"NO","REL AUC"
"LAC","FWB","A-FB 13",-192.83984375,"AUC EOS
to 3 hr",24,-176.450724637681,-156.340217391304,20.1105072463768,"NO","REL AUC"
"LAC","FWB","A-FB 14",-173.565983606557,"AUC EOS
to 3 hr",24,-176.450724637681,-156.340217391304,20.1105072463768,"NO","REL AUC"
"LAC","FWB","A-FB 16",-196.718939393939,"AUC EOS
to 3 hr",24,-176.450724637681,-156.340217391304,20.1105072463768,"NO","REL AUC"
"LAC","FWB","A-FB 17",-171.023863636364,"AUC EOS
to 3 hr",24,-176.450724637681,-156.340217391304,20.1105072463768,"NO","REL AUC"
"LAC","FWB","A-FB 19",-173.685263157895,"AUC EOS
to 3 hr",24,-176.450724637681,-156.340217391304,20.1105072463768,"NO","REL AUC"
"LAC","FWB","A-FB 22",-120.994303797468,"AUC EOS
to 3 hr",24,-176.450724637681,-156.340217391304,20.1105072463768,"NO","REL AUC"
"LAC","FWB","A-FB 23",-178.483219178082,"AUC EOS
to 3 hr",24,-176.450724637681,-156.340217391304,20.1105072463768,"NO","REL AUC"
"LAC","FWB","A-FB 25",-135.625954198473,"AUC EOS
to 3 hr",24,-176.450724637681,-156.340217391304,20.1105072463768,"NO","REL AUC"
"LAC","FWB","A-FB 26",-159.759868421053,"AUC EOS
to 3 hr",24,-176.450724637681,-156.340217391304,20.1105072463768,"NO","REL AUC"
"LAC","FWB","A-FB 27",-163.470348837209,"AUC EOS
to 3 hr",24,-176.450724637681,-156.340217391304,20.1105072463768,"NO","REL AUC"
"LAC","FWB","A-FB 29",-200.795238095238,"AUC EOS
to 3 hr",24,-176.450724637681,-156.340217391304,20.1105072463768,"NO","REL AUC"
"LAC","FWB","A-FB 31",-144.6,"AUC EOS
to 3 hr",24,-176.450724637681,-156.340217391304,20.1105072463768,"NO","REL AUC"
"LAC","FWB","A-FB 32",-162.465384615385,"AUC EOS
to 3 hr",24,-176.450724637681,-156.340217391304,20.1105072463768,"NO","REL AUC"
"LAC","FWB","A-FB 34",-176.450724637681,"AUC EOS
to 3 hr",24,-176.450724637681,-156.340217391304,20.1105072463768,"NO","REL AUC"
"LAC","FWB","A-FB 35",-159.721078431373,"AUC EOS
to 3 hr",24,-176.450724637681,-156.340217391304,20.1105072463768,"NO","REL AUC"
"LAC","FWB","A-FB 37",-129.247058823529,"AUC EOS
to 3 hr",24,-176.450724637681,-156.340217391304,20.1105072463768,"NO","REL AUC"
"LAC","FWB","A-FB 38",-156.340217391304,"AUC EOS
to 3 hr",24,-176.450724637681,-156.340217391304,20.1105072463768,"NO","REL AUC"
"LAC","LR","A-LR 16",-66.2944444444444,"AUC EOS
to 3 hr",24,-89.4536144578313,24.1165048543689,113.5701193122,"NO","REL AUC"
"LAC","LR","A-LR 17",76.7191176470589,"AUC EOS
to 3 hr",3,-89.4536144578313,24.1165048543689,113.5701193122,"NO","REL AUC"
"LAC","LR","A-LR 18",-13.556779661017,"AUC EOS
to 3 hr",24,-89.4536144578313,24.1165048543689,113.5701193122,"NO","REL AUC"
"LAC","LR","A-LR 19",-160.277777777778,"AUC EOS
to 3 hr",24,-89.4536144578313,24.1165048543689,113.5701193122,"NO","REL AUC"
"LAC","LR","A-LR 21",-107.643119266055,"AUC EOS
to 3 hr",24,-89.4536144578313,24.1165048543689,113.5701193122,"NO","REL AUC"
"LAC","LR","A-LR 23",-51.7179347826087,"AUC EOS
to 3 hr",24,-89.4536144578313,24.1165048543689,113.5701193122,"NO","REL AUC"
"LAC","LR","A-LR 24",-113.1784375,"AUC EOS
to 3 hr",24,-89.4536144578313,24.1165048543689,113.5701193122,"NO","REL AUC"
"LAC","LR","A-LR 25",37.11328125,"AUC EOS
to 3 hr",24,-89.4536144578313,24.1165048543689,113.5701193122,"NO","REL AUC"
"LAC","LR","A-LR 29",24.1165048543689,"AUC EOS
to 3 hr",24,-89.4536144578313,24.1165048543689,113.5701193122,"NO","REL AUC"
"LAC","LR","A-LR 30",42.0915254237288,"AUC EOS
to 3 hr",24,-89.4536144578313,24.1165048543689,113.5701193122,"NO","REL AUC"
"LAC","LR","A-LR 32",-27.8897959183674,"AUC EOS
to 3 hr",24,-89.4536144578313,24.1165048543689,113.5701193122,"NO","REL AUC"
"LAC","LR","A-LR 33",-89.4536144578313,"AUC EOS
to 3 hr",24,-89.4536144578313,24.1165048543689,113.5701193122,"NO","REL AUC"
"LAC","LR","A-LR 35",-1.61492537313433,"AUC EOS
to 3 hr",24,-89.4536144578313,24.1165048543689,113.5701193122,"NO","REL AUC"
"LAC","LR","A-LR 37",-10.075,"AUC EOS
to 3 hr",24,-89.4536144578313,24.1165048543689,113.5701193122,"NO","REL AUC"
"LAC","LR","A-LR 40",-83.7269841269841,"AUC EOS
to 3 hr",24,-89.4536144578313,24.1165048543689,113.5701193122,"NO","REL AUC"
"LAC","LR","A-LR 41",-110.945930232558,"AUC EOS
to 3 hr",24,-89.4536144578313,24.1165048543689,113.5701193122,"NO","REL AUC"
"LAC","LR","A-LR 43",92.0477272727273,"AUC EOS
to 3 hr",3,-89.4536144578313,24.1165048543689,113.5701193122,"NO","REL AUC"
"LAC","SWB","A-SB 01",-147.957708333333,"AUC EOS
to 3 hr",24,-167.962931034483,-123.980555555556,43.9823754789272,"NO","REL AUC"
"LAC","SWB","A-SB 02",-133.696428571429,"AUC EOS
to 3 hr",24,-167.962931034483,-123.980555555556,43.9823754789272,"NO","REL AUC"
"LAC","SWB","A-SB 04",-167.962931034483,"AUC EOS
to 3 hr",24,-167.962931034483,-123.980555555556,43.9823754789272,"NO","REL AUC"
"LAC","SWB","A-SB 06",-189.551923076923,"AUC EOS
to 3 hr",24,-167.962931034483,-123.980555555556,43.9823754789272,"NO","REL AUC"
"LAC","SWB","A-SB 07",-190.537288135593,"AUC EOS
to 3 hr",24,-167.962931034483,-123.980555555556,43.9823754789272,"NO","REL AUC"
"LAC","SWB","A-SB 09",-165.927777777778,"AUC EOS
to 3 hr",24,-167.962931034483,-123.980555555556,43.9823754789272,"NO","REL AUC"
"LAC","SWB","A-SB 16",-100.8325,"AUC EOS
to 3 hr",24,-167.962931034483,-123.980555555556,43.9823754789272,"NO","REL AUC"
"LAC","SWB","A-SB 18",-164.646464646465,"AUC EOS
to 3 hr",24,-167.962931034483,-123.980555555556,43.9823754789272,"NO","REL AUC"
"LAC","SWB","A-SB 26",-88.5239130434783,"AUC EOS
to 3 hr",24,-167.962931034483,-123.980555555556,43.9823754789272,"NO","REL AUC"
"LAC","SWB","A-SB 27",-123.980555555556,"AUC EOS
to 3 hr",24,-167.962931034483,-123.980555555556,43.9823754789272,"NO","REL AUC"
"LAC","SWB","A-SB 29",-107.759541984733,"AUC EOS
to 3 hr",24,-167.962931034483,-123.980555555556,43.9823754789272,"NO","REL AUC"
"LAC","SWB","A-SB 30",-141.552702702703,"AUC EOS
to 3 hr",24,-167.962931034483,-123.980555555556,43.9823754789272,"NO","REL AUC"
"LAC","SWB","A-SB 31",-167.975280898876,"AUC EOS
to 3 hr",24,-167.962931034483,-123.980555555556,43.9823754789272,"NO","REL AUC"
"MAP","EMv2_3_WBA","A-EMv2.0-WBA 11",345.602941176471,"AUC EOS
to 3 hr",24,97.3349056603774,241.680357142857,144.34545148248,"NO","REL AUC"
"MAP","EMv2_3_WBA","A-EMv2.0-WBA 12",-4.56547619047619,"AUC EOS
to 3 hr",24,97.3349056603774,241.680357142857,144.34545148248,"NO","REL AUC"
"MAP","EMv2_3_WBA","A-EMv2.0-WBA 13",102.785185185185,"AUC EOS
to 3 hr",24,97.3349056603774,241.680357142857,144.34545148248,"NO","REL AUC"
"MAP","EMv2_3_WBA","A-EMv2.0-WBA 16",97.3349056603774,"AUC EOS
to 3 hr",24,97.3349056603774,241.680357142857,144.34545148248,"NO","REL AUC"
"MAP","EMv2_3_WBA","A-EMv2.0-WBA 19",100.003125,"AUC EOS
to 3 hr",24,97.3349056603774,241.680357142857,144.34545148248,"NO","REL AUC"
"MAP","EMv2_3_WBA","A-EMv2.0-WBA 20",428.806060606061,"AUC EOS
to 3 hr",24,97.3349056603774,241.680357142857,144.34545148248,"NO","REL AUC"
"MAP","EMv2_3_WBA","A-EMv2.0-WBA 22",5.55866666666667,"AUC EOS
to 3 hr",24,97.3349056603774,241.680357142857,144.34545148248,"NO","REL AUC"
"MAP","EMv2_3_WBA","A-EMv3.0-WBA 01",204.175,"AUC EOS
to 3 hr",24,97.3349056603774,241.680357142857,144.34545148248,"NO","REL AUC"
"MAP","EMv2_3_WBA","A-EMv3.0-WBA 02",241.680357142857,"AUC EOS
to 3 hr",24,97.3349056603774,241.680357142857,144.34545148248,"NO","REL AUC"
"MAP","FWB","A-FB 13",172.571951219512,"AUC EOS
to 3 hr",24,106.155384615385,179.619736842105,73.4643522267207,"NO","REL AUC"
"MAP","FWB","A-FB 14",179.619736842105,"AUC EOS
to 3 hr",24,106.155384615385,179.619736842105,73.4643522267207,"NO","REL AUC"
"MAP","FWB","A-FB 16",164.267777777778,"AUC EOS
to 3 hr",24,106.155384615385,179.619736842105,73.4643522267207,"NO","REL AUC"
"MAP","FWB","A-FB 17",42.9423728813559,"AUC EOS
to 3 hr",24,106.155384615385,179.619736842105,73.4643522267207,"NO","REL AUC"
"MAP","FWB","A-FB 19",152.036486486486,"AUC EOS
to 3 hr",24,106.155384615385,179.619736842105,73.4643522267207,"NO","REL AUC"
"MAP","FWB","A-FB 22",106.155384615385,"AUC EOS
to 3 hr",24,106.155384615385,179.619736842105,73.4643522267207,"NO","REL AUC"
"MAP","FWB","A-FB 23",70.3567307692308,"AUC EOS
to 3 hr",24,106.155384615385,179.619736842105,73.4643522267207,"NO","REL AUC"
"MAP","FWB","A-FB 25",336.048529411765,"AUC EOS
to 3 hr",24,106.155384615385,179.619736842105,73.4643522267207,"NO","REL AUC"
"MAP","FWB","A-FB 26",192.0875,"AUC EOS
to 3 hr",24,106.155384615385,179.619736842105,73.4643522267207,"NO","REL AUC"
"MAP","FWB","A-FB 27",196.023913043478,"AUC EOS
to 3 hr",24,106.155384615385,179.619736842105,73.4643522267207,"NO","REL AUC"
"MAP","FWB","A-FB 29",173.497727272727,"AUC EOS
to 3 hr",24,106.155384615385,179.619736842105,73.4643522267207,"NO","REL AUC"
"MAP","FWB","A-FB 31",189.784090909091,"AUC EOS
to 3 hr",24,106.155384615385,179.619736842105,73.4643522267207,"NO","REL AUC"
"MAP","FWB","A-FB 32",113.459649122807,"AUC EOS
to 3 hr",24,106.155384615385,179.619736842105,73.4643522267207,"NO","REL AUC"
"MAP","FWB","A-FB 34",137.349038461538,"AUC EOS
to 3 hr",24,106.155384615385,179.619736842105,73.4643522267207,"NO","REL AUC"
"MAP","FWB","A-FB 35",67.9936507936508,"AUC EOS
to 3 hr",24,106.155384615385,179.619736842105,73.4643522267207,"NO","REL AUC"
"MAP","FWB","A-FB 37",6.8289156626506,"AUC EOS
to 3 hr",24,106.155384615385,179.619736842105,73.4643522267207,"NO","REL AUC"
"MAP","FWB","A-FB 38",165.034821428571,"AUC EOS
to 3 hr",24,106.155384615385,179.619736842105,73.4643522267207,"NO","REL AUC"
"MAP","LR","A-LR 16",-111.463194444444,"AUC EOS
to 3 hr",24,23.8071428571429,160.522619047619,136.715476190476,"NO","REL AUC"
"MAP","LR","A-LR 17",220.987096774194,"AUC EOS
to 3 hr",3,23.8071428571429,160.522619047619,136.715476190476,"NO","REL AUC"
"MAP","LR","A-LR 18",33.332,"AUC EOS
to 3 hr",24,23.8071428571429,160.522619047619,136.715476190476,"NO","REL AUC"
"MAP","LR","A-LR 19",160.522619047619,"AUC EOS
to 3 hr",24,23.8071428571429,160.522619047619,136.715476190476,"NO","REL AUC"
"MAP","LR","A-LR 21",-10.2295454545455,"AUC EOS
to 3 hr",24,23.8071428571429,160.522619047619,136.715476190476,"NO","REL AUC"
"MAP","LR","A-LR 23",157.508333333333,"AUC EOS
to 3 hr",24,23.8071428571429,160.522619047619,136.715476190476,"NO","REL AUC"
"MAP","LR","A-LR 24",-8.74426229508197,"AUC EOS
to 3 hr",24,23.8071428571429,160.522619047619,136.715476190476,"NO","REL AUC"
"MAP","LR","A-LR 25",256.78125,"AUC EOS
to 3 hr",24,23.8071428571429,160.522619047619,136.715476190476,"NO","REL AUC"
"MAP","LR","A-LR 29",-90.3777777777778,"AUC EOS
to 3 hr",24,23.8071428571429,160.522619047619,136.715476190476,"NO","REL AUC"
"MAP","LR","A-LR 30",41.6678571428571,"AUC EOS
to 3 hr",24,23.8071428571429,160.522619047619,136.715476190476,"NO","REL AUC"
"MAP","LR","A-LR 32",23.8071428571429,"AUC EOS
to 3 hr",24,23.8071428571429,160.522619047619,136.715476190476,"NO","REL AUC"
"MAP","LR","A-LR 33",83.8163461538462,"AUC EOS
to 3 hr",24,23.8071428571429,160.522619047619,136.715476190476,"NO","REL AUC"
"MAP","LR","A-LR 35",103.648958333333,"AUC EOS
to 3 hr",24,23.8071428571429,160.522619047619,136.715476190476,"NO","REL AUC"
"MAP","LR","A-LR 37",269,"AUC EOS
to 3 hr",24,23.8071428571429,160.522619047619,136.715476190476,"NO","REL AUC"
"MAP","LR","A-LR 40",46.7008620689655,"AUC EOS
to 3 hr",24,23.8071428571429,160.522619047619,136.715476190476,"NO","REL AUC"
"MAP","LR","A-LR 41",195.21875,"AUC EOS
to 3 hr",24,23.8071428571429,160.522619047619,136.715476190476,"NO","REL AUC"
"MAP","LR","A-LR 43",30.3347222222222,"AUC EOS
to 3 hr",3,23.8071428571429,160.522619047619,136.715476190476,"NO","REL AUC"
"MAP","SWB","A-SB 01",103.874418604651,"AUC EOS
to 3 hr",24,103.886104651163,231.203135775862,127.317031124699,"NO","REL AUC"
"MAP","SWB","A-SB 02",394.071428571429,"AUC EOS
to 3 hr",24,103.886104651163,231.203135775862,127.317031124699,"NO","REL AUC"
"MAP","SWB","A-SB 04",177.093055555556,"AUC EOS
to 3 hr",24,103.886104651163,231.203135775862,127.317031124699,"NO","REL AUC"
"MAP","SWB","A-SB 06",423.9,"AUC EOS
to 3 hr",24,103.886104651163,231.203135775862,127.317031124699,"NO","REL AUC"
"MAP","SWB","A-SB 07",37.0237704918033,"AUC EOS
to 3 hr",24,103.886104651163,231.203135775862,127.317031124699,"NO","REL AUC"
"MAP","SWB","A-SB 09",103.89,"AUC EOS
to 3 hr",24,103.886104651163,231.203135775862,127.317031124699,"NO","REL AUC"
"MAP","SWB","A-SB 16",245.413793103448,"AUC EOS
to 3 hr",24,103.886104651163,231.203135775862,127.317031124699,"NO","REL AUC"
"MAP","SWB","A-SB 18",226.46625,"AUC EOS
to 3 hr",24,103.886104651163,231.203135775862,127.317031124699,"NO","REL AUC"
"MAP","SWB","A-SB 26",60.7867647058823,"AUC EOS
to 3 hr",24,103.886104651163,231.203135775862,127.317031124699,"NO","REL AUC"
"MAP","SWB","A-SB 29",129.7,"AUC EOS
to 3 hr",24,103.886104651163,231.203135775862,127.317031124699,"NO","REL AUC"
"MAP","SWB","A-SB 30",153.76568627451,"AUC EOS
to 3 hr",24,103.886104651163,231.203135775862,127.317031124699,"NO","REL AUC"
"MAP","SWB","A-SB 31",168.489130434783,"AUC EOS
to 3 hr",24,103.886104651163,231.203135775862,127.317031124699,"NO","REL AUC"
"LAC","EMv2_3_WBA","A-EMv2.0-WBA 11",-266.850740740741,"AUC EOS
to 6 hr",24,-374.59578313253,-266.850740740741,107.745042391789,"NO","REL AUC"
"LAC","EMv2_3_WBA","A-EMv2.0-WBA 12",-221.630952380952,"AUC EOS
to 6 hr",24,-374.59578313253,-266.850740740741,107.745042391789,"NO","REL AUC"
"LAC","EMv2_3_WBA","A-EMv2.0-WBA 13",-271.225641025641,"AUC EOS
to 6 hr",24,-374.59578313253,-266.850740740741,107.745042391789,"NO","REL AUC"
"LAC","EMv2_3_WBA","A-EMv2.0-WBA 16",-362.540952380952,"AUC EOS
to 6 hr",24,-374.59578313253,-266.850740740741,107.745042391789,"NO","REL AUC"
"LAC","EMv2_3_WBA","A-EMv2.0-WBA 19",-405.436086956522,"AUC EOS
to 6 hr",24,-374.59578313253,-266.850740740741,107.745042391789,"NO","REL AUC"
"LAC","EMv2_3_WBA","A-EMv2.0-WBA 20",-196.534955752212,"AUC EOS
to 6 hr",24,-374.59578313253,-266.850740740741,107.745042391789,"NO","REL AUC"
"LAC","EMv2_3_WBA","A-EMv2.0-WBA 22",-394.725316455696,"AUC EOS
to 6 hr",6,-374.59578313253,-266.850740740741,107.745042391789,"NO","REL AUC"
"LAC","EMv2_3_WBA","A-EMv3.0-WBA 01",-374.59578313253,"AUC EOS
to 6 hr",24,-374.59578313253,-266.850740740741,107.745042391789,"NO","REL AUC"
"LAC","EMv2_3_WBA","A-EMv3.0-WBA 02",-373.182608695652,"AUC EOS
to 6 hr",24,-374.59578313253,-266.850740740741,107.745042391789,"NO","REL AUC"
"LAC","FWB","A-FB 13",-471.74609375,"AUC EOS
to 6 hr",24,-438.407246376812,-396.601973684211,41.8052726926011,"NO","REL AUC"
"LAC","FWB","A-FB 14",-435.451229508197,"AUC EOS
to 6 hr",24,-438.407246376812,-396.601973684211,41.8052726926011,"NO","REL AUC"
"LAC","FWB","A-FB 16",-458.082575757576,"AUC EOS
to 6 hr",24,-438.407246376812,-396.601973684211,41.8052726926011,"NO","REL AUC"
"LAC","FWB","A-FB 17",-413.069318181818,"AUC EOS
to 6 hr",24,-438.407246376812,-396.601973684211,41.8052726926011,"NO","REL AUC"
"LAC","FWB","A-FB 19",-408.948421052632,"AUC EOS
to 6 hr",24,-438.407246376812,-396.601973684211,41.8052726926011,"NO","REL AUC"
"LAC","FWB","A-FB 22",-346.943670886076,"AUC EOS
to 6 hr",24,-438.407246376812,-396.601973684211,41.8052726926011,"NO","REL AUC"
"LAC","FWB","A-FB 23",-445.606506849315,"AUC EOS
to 6 hr",24,-438.407246376812,-396.601973684211,41.8052726926011,"NO","REL AUC"
"LAC","FWB","A-FB 25",-379.519083969466,"AUC EOS
to 6 hr",24,-438.407246376812,-396.601973684211,41.8052726926011,"NO","REL AUC"
"LAC","FWB","A-FB 26",-396.601973684211,"AUC EOS
to 6 hr",24,-438.407246376812,-396.601973684211,41.8052726926011,"NO","REL AUC"
"LAC","FWB","A-FB 27",-383.237790697674,"AUC EOS
to 6 hr",24,-438.407246376812,-396.601973684211,41.8052726926011,"NO","REL AUC"
"LAC","FWB","A-FB 29",-478.652380952381,"AUC EOS
to 6 hr",24,-438.407246376812,-396.601973684211,41.8052726926011,"NO","REL AUC"
"LAC","FWB","A-FB 31",-409.8,"AUC EOS
to 6 hr",24,-438.407246376812,-396.601973684211,41.8052726926011,"NO","REL AUC"
"LAC","FWB","A-FB 32",-435.542307692308,"AUC EOS
to 6 hr",24,-438.407246376812,-396.601973684211,41.8052726926011,"NO","REL AUC"
"LAC","FWB","A-FB 34",-438.407246376812,"AUC EOS
to 6 hr",24,-438.407246376812,-396.601973684211,41.8052726926011,"NO","REL AUC"
"LAC","FWB","A-FB 35",-415.603431372549,"AUC EOS
to 6 hr",24,-438.407246376812,-396.601973684211,41.8052726926011,"NO","REL AUC"
"LAC","FWB","A-FB 37",-374.835294117647,"AUC EOS
to 6 hr",24,-438.407246376812,-396.601973684211,41.8052726926011,"NO","REL AUC"
"LAC","FWB","A-FB 38",-418.296739130435,"AUC EOS
to 6 hr",24,-438.407246376812,-396.601973684211,41.8052726926011,"NO","REL AUC"
"LAC","LR","A-LR 16",-179.627777777778,"AUC EOS
to 6 hr",24,-293.615370613077,-32.7102304013911,260.905140211686,"NO","REL AUC"
"LAC","LR","A-LR 18",75.4262711864406,"AUC EOS
to 6 hr",24,-293.615370613077,-32.7102304013911,260.905140211686,"NO","REL AUC"
"LAC","LR","A-LR 19",-404.444444444444,"AUC EOS
to 6 hr",24,-293.615370613077,-32.7102304013911,260.905140211686,"NO","REL AUC"
"LAC","LR","A-LR 21",-297.551376146789,"AUC EOS
to 6 hr",24,-293.615370613077,-32.7102304013911,260.905140211686,"NO","REL AUC"
"LAC","LR","A-LR 23",-227.804891304348,"AUC EOS
to 6 hr",24,-293.615370613077,-32.7102304013911,260.905140211686,"NO","REL AUC"
"LAC","LR","A-LR 24",-320.3659375,"AUC EOS
to 6 hr",24,-293.615370613077,-32.7102304013911,260.905140211686,"NO","REL AUC"
"LAC","LR","A-LR 25",-19.13671875,"AUC EOS
to 6 hr",24,-293.615370613077,-32.7102304013911,260.905140211686,"NO","REL AUC"
"LAC","LR","A-LR 29",-41.4174757281554,"AUC EOS
to 6 hr",24,-293.615370613077,-32.7102304013911,260.905140211686,"NO","REL AUC"
"LAC","LR","A-LR 30",80.2271186440677,"AUC EOS
to 6 hr",24,-293.615370613077,-32.7102304013911,260.905140211686,"NO","REL AUC"
"LAC","LR","A-LR 32",-147.277551020408,"AUC EOS
to 6 hr",24,-293.615370613077,-32.7102304013911,260.905140211686,"NO","REL AUC"
"LAC","LR","A-LR 33",-252.10421686747,"AUC EOS
to 6 hr",24,-293.615370613077,-32.7102304013911,260.905140211686,"NO","REL AUC"
"LAC","LR","A-LR 35",-24.0029850746269,"AUC EOS
to 6 hr",24,-293.615370613077,-32.7102304013911,260.905140211686,"NO","REL AUC"
"LAC","LR","A-LR 37",-68.1395161290322,"AUC EOS
to 6 hr",24,-293.615370613077,-32.7102304013911,260.905140211686,"NO","REL AUC"
"LAC","LR","A-LR 40",-289.679365079365,"AUC EOS
to 6 hr",24,-293.615370613077,-32.7102304013911,260.905140211686,"NO","REL AUC"
"LAC","LR","A-LR 41",-311.527325581395,"AUC EOS
to 6 hr",24,-293.615370613077,-32.7102304013911,260.905140211686,"NO","REL AUC"
"LAC","SWB","A-SB 01",-420.457708333333,"AUC EOS
to 6 hr",24,-420.457708333333,-361.480555555556,58.9771527777778,"NO","REL AUC"
"LAC","SWB","A-SB 02",-382.982142857143,"AUC EOS
to 6 hr",24,-420.457708333333,-361.480555555556,58.9771527777778,"NO","REL AUC"
"LAC","SWB","A-SB 04",-395.549137931035,"AUC EOS
to 6 hr",24,-420.457708333333,-361.480555555556,58.9771527777778,"NO","REL AUC"
"LAC","SWB","A-SB 06",-474.551923076923,"AUC EOS
to 6 hr",24,-420.457708333333,-361.480555555556,58.9771527777778,"NO","REL AUC"
"LAC","SWB","A-SB 07",-470.198305084746,"AUC EOS
to 6 hr",24,-420.457708333333,-361.480555555556,58.9771527777778,"NO","REL AUC"
"LAC","SWB","A-SB 09",-426.761111111111,"AUC EOS
to 6 hr",24,-420.457708333333,-361.480555555556,58.9771527777778,"NO","REL AUC"
"LAC","SWB","A-SB 16",-334.0825,"AUC EOS
to 6 hr",24,-420.457708333333,-361.480555555556,58.9771527777778,"NO","REL AUC"
"LAC","SWB","A-SB 18",-381.313131313131,"AUC EOS
to 6 hr",24,-420.457708333333,-361.480555555556,58.9771527777778,"NO","REL AUC"
"LAC","SWB","A-SB 26",-264.610869565217,"AUC EOS
to 6 hr",24,-420.457708333333,-361.480555555556,58.9771527777778,"NO","REL AUC"
"LAC","SWB","A-SB 27",-361.480555555556,"AUC EOS
to 6 hr",24,-420.457708333333,-361.480555555556,58.9771527777778,"NO","REL AUC"
"LAC","SWB","A-SB 29",-323.026717557252,"AUC EOS
to 6 hr",24,-420.457708333333,-361.480555555556,58.9771527777778,"NO","REL AUC"
"LAC","SWB","A-SB 30",-394.931081081081,"AUC EOS
to 6 hr",24,-420.457708333333,-361.480555555556,58.9771527777778,"NO","REL AUC"
"LAC","SWB","A-SB 31",-419.098876404494,"AUC EOS
to 6 hr",24,-420.457708333333,-361.480555555556,58.9771527777778,"NO","REL AUC"
"MAP","EMv2_3_WBA","A-EMv2.0-WBA 11",658.838235294118,"AUC EOS
to 6 hr",24,156.253125,496.144642857143,339.891517857143,"NO","REL AUC"
"MAP","EMv2_3_WBA","A-EMv2.0-WBA 12",-70.6369047619048,"AUC EOS
to 6 hr",24,156.253125,496.144642857143,339.891517857143,"NO","REL AUC"
"MAP","EMv2_3_WBA","A-EMv2.0-WBA 13",163.896296296296,"AUC EOS
to 6 hr",24,156.253125,496.144642857143,339.891517857143,"NO","REL AUC"
"MAP","EMv2_3_WBA","A-EMv2.0-WBA 16",207.712264150943,"AUC EOS
to 6 hr",24,156.253125,496.144642857143,339.891517857143,"NO","REL AUC"
"MAP","EMv2_3_WBA","A-EMv2.0-WBA 19",156.253125,"AUC EOS
to 6 hr",24,156.253125,496.144642857143,339.891517857143,"NO","REL AUC"
"MAP","EMv2_3_WBA","A-EMv2.0-WBA 20",751.533333333333,"AUC EOS
to 6 hr",24,156.253125,496.144642857143,339.891517857143,"NO","REL AUC"
"MAP","EMv2_3_WBA","A-EMv2.0-WBA 22",13.5586666666667,"AUC EOS
to 6 hr",24,156.253125,496.144642857143,339.891517857143,"NO","REL AUC"
"MAP","EMv2_3_WBA","A-EMv3.0-WBA 01",345.841666666667,"AUC EOS
to 6 hr",24,156.253125,496.144642857143,339.891517857143,"NO","REL AUC"
"MAP","EMv2_3_WBA","A-EMv3.0-WBA 02",496.144642857143,"AUC EOS
to 6 hr",24,156.253125,496.144642857143,339.891517857143,"NO","REL AUC"
"MAP","FWB","A-FB 13",337.206097560976,"AUC EOS
to 6 hr",24,198.463076923077,384.102272727273,185.639195804196,"NO","REL AUC"
"MAP","FWB","A-FB 14",408.567105263158,"AUC EOS
to 6 hr",24,198.463076923077,384.102272727273,185.639195804196,"NO","REL AUC"
"MAP","FWB","A-FB 16",357.601111111111,"AUC EOS
to 6 hr",24,198.463076923077,384.102272727273,185.639195804196,"NO","REL AUC"
"MAP","FWB","A-FB 17",109.04406779661,"AUC EOS
to 6 hr",24,198.463076923077,384.102272727273,185.639195804196,"NO","REL AUC"
"MAP","FWB","A-FB 19",306.090540540541,"AUC EOS
to 6 hr",24,198.463076923077,384.102272727273,185.639195804196,"NO","REL AUC"
"MAP","FWB","A-FB 22",198.463076923077,"AUC EOS
to 6 hr",24,198.463076923077,384.102272727273,185.639195804196,"NO","REL AUC"
"MAP","FWB","A-FB 23",197.279807692308,"AUC EOS
to 6 hr",24,198.463076923077,384.102272727273,185.639195804196,"NO","REL AUC"
"MAP","FWB","A-FB 25",715.460294117647,"AUC EOS
to 6 hr",24,198.463076923077,384.102272727273,185.639195804196,"NO","REL AUC"
"MAP","FWB","A-FB 26",405.8375,"AUC EOS
to 6 hr",24,198.463076923077,384.102272727273,185.639195804196,"NO","REL AUC"
"MAP","FWB","A-FB 27",463.415217391304,"AUC EOS
to 6 hr",24,198.463076923077,384.102272727273,185.639195804196,"NO","REL AUC"
"MAP","FWB","A-FB 29",333.725,"AUC EOS
to 6 hr",24,198.463076923077,384.102272727273,185.639195804196,"NO","REL AUC"
"MAP","FWB","A-FB 31",384.102272727273,"AUC EOS
to 6 hr",24,198.463076923077,384.102272727273,185.639195804196,"NO","REL AUC"
"MAP","FWB","A-FB 32",279.249122807017,"AUC EOS
to 6 hr",24,198.463076923077,384.102272727273,185.639195804196,"NO","REL AUC"
"MAP","FWB","A-FB 34",330.618269230769,"AUC EOS
to 6 hr",24,198.463076923077,384.102272727273,185.639195804196,"NO","REL AUC"
"MAP","FWB","A-FB 35",127.51746031746,"AUC EOS
to 6 hr",24,198.463076923077,384.102272727273,185.639195804196,"NO","REL AUC"
"MAP","FWB","A-FB 37",24.9012048192771,"AUC EOS
to 6 hr",24,198.463076923077,384.102272727273,185.639195804196,"NO","REL AUC"
"MAP","FWB","A-FB 38",357.891964285714,"AUC EOS
to 6 hr",24,198.463076923077,384.102272727273,185.639195804196,"NO","REL AUC"
"MAP","LR","A-LR 16",-178.129861111111,"AUC EOS
to 6 hr",24,47.5692733990148,356.888541666667,309.319268267652,"NO","REL AUC"
"MAP","LR","A-LR 18",228.332,"AUC EOS
to 6 hr",24,47.5692733990148,356.888541666667,309.319268267652,"NO","REL AUC"
"MAP","LR","A-LR 19",349.808333333333,"AUC EOS
to 6 hr",24,47.5692733990148,356.888541666667,309.319268267652,"NO","REL AUC"
"MAP","LR","A-LR 21",61.3613636363636,"AUC EOS
to 6 hr",24,47.5692733990148,356.888541666667,309.319268267652,"NO","REL AUC"
"MAP","LR","A-LR 23",407.508333333333,"AUC EOS
to 6 hr",24,47.5692733990148,356.888541666667,309.319268267652,"NO","REL AUC"
"MAP","LR","A-LR 24",-13.6622950819672,"AUC EOS
to 6 hr",24,47.5692733990148,356.888541666667,309.319268267652,"NO","REL AUC"
"MAP","LR","A-LR 25",655.21875,"AUC EOS
to 6 hr",24,47.5692733990148,356.888541666667,309.319268267652,"NO","REL AUC"
"MAP","LR","A-LR 29",-137.044444444444,"AUC EOS
to 6 hr",24,47.5692733990148,356.888541666667,309.319268267652,"NO","REL AUC"
"MAP","LR","A-LR 30",130.060714285714,"AUC EOS
to 6 hr",24,47.5692733990148,356.888541666667,309.319268267652,"NO","REL AUC"
"MAP","LR","A-LR 32",38.0928571428571,"AUC EOS
to 6 hr",24,47.5692733990148,356.888541666667,309.319268267652,"NO","REL AUC"
"MAP","LR","A-LR 33",210.739423076923,"AUC EOS
to 6 hr",24,47.5692733990148,356.888541666667,309.319268267652,"NO","REL AUC"
"MAP","LR","A-LR 35",163.023958333333,"AUC EOS
to 6 hr",24,47.5692733990148,356.888541666667,309.319268267652,"NO","REL AUC"
"MAP","LR","A-LR 37",519,"AUC EOS
to 6 hr",24,47.5692733990148,356.888541666667,309.319268267652,"NO","REL AUC"
"MAP","LR","A-LR 40",57.0456896551724,"AUC EOS
to 6 hr",24,47.5692733990148,356.888541666667,309.319268267652,"NO","REL AUC"
"MAP","LR","A-LR 41",363.96875,"AUC EOS
to 6 hr",24,47.5692733990148,356.888541666667,309.319268267652,"NO","REL AUC"
"MAP","SWB","A-SB 01",212.013953488372,"AUC EOS
to 6 hr",24,212.013953488372,410.426388888889,198.412435400517,"NO","REL AUC"
"MAP","SWB","A-SB 02",769.071428571429,"AUC EOS
to 6 hr",24,212.013953488372,410.426388888889,198.412435400517,"NO","REL AUC"
"MAP","SWB","A-SB 04",410.426388888889,"AUC EOS
to 6 hr",24,212.013953488372,410.426388888889,198.412435400517,"NO","REL AUC"
"MAP","SWB","A-SB 06",858.9,"AUC EOS
to 6 hr",24,212.013953488372,410.426388888889,198.412435400517,"NO","REL AUC"
"MAP","SWB","A-SB 07",68.9909836065574,"AUC EOS
to 6 hr",24,212.013953488372,410.426388888889,198.412435400517,"NO","REL AUC"
"MAP","SWB","A-SB 09",200.556666666667,"AUC EOS
to 6 hr",24,212.013953488372,410.426388888889,198.412435400517,"NO","REL AUC"
"MAP","SWB","A-SB 16",473,"AUC EOS
to 6 hr",24,212.013953488372,410.426388888889,198.412435400517,"NO","REL AUC"
"MAP","SWB","A-SB 18",376.46625,"AUC EOS
to 6 hr",24,212.013953488372,410.426388888889,198.412435400517,"NO","REL AUC"
"MAP","SWB","A-SB 26",58.5808823529412,"AUC EOS
to 6 hr",24,212.013953488372,410.426388888889,198.412435400517,"NO","REL AUC"
"MAP","SWB","A-SB 27",345.313636363636,"AUC EOS
to 6 hr",24,212.013953488372,410.426388888889,198.412435400517,"NO","REL AUC"
"MAP","SWB","A-SB 29",266.063636363636,"AUC EOS
to 6 hr",24,212.013953488372,410.426388888889,198.412435400517,"NO","REL AUC"
"MAP","SWB","A-SB 30",374.353921568627,"AUC EOS
to 6 hr",24,212.013953488372,410.426388888889,198.412435400517,"NO","REL AUC"
"MAP","SWB","A-SB 31",308.70652173913,"AUC EOS
to 6 hr",24,212.013953488372,410.426388888889,198.412435400517,"NO","REL AUC"
"LAC","EMv2_3_WBA","A-EMv2.0-WBA 11",-1660.18407407407,"AUC EOS
to 24 hr",24,-1773.90199711891,-1504.67324994327,269.228747175639,"NO","REL AUC"
"LAC","EMv2_3_WBA","A-EMv2.0-WBA 12",-1389.4880952381,"AUC EOS
to 24 hr",24,-1773.90199711891,-1504.67324994327,269.228747175639,"NO","REL AUC"
"LAC","EMv2_3_WBA","A-EMv2.0-WBA 13",-1486.61025641026,"AUC EOS
to 24 hr",24,-1773.90199711891,-1504.67324994327,269.228747175639,"NO","REL AUC"
"LAC","EMv2_3_WBA","A-EMv2.0-WBA 16",-1716.82666666667,"AUC EOS
to 24 hr",24,-1773.90199711891,-1504.67324994327,269.228747175639,"NO","REL AUC"
"LAC","EMv2_3_WBA","A-EMv2.0-WBA 19",-2017.61,"AUC EOS
to 24 hr",24,-1773.90199711891,-1504.67324994327,269.228747175639,"NO","REL AUC"
"LAC","EMv2_3_WBA","A-EMv2.0-WBA 20",-1510.69424778761,"AUC EOS
to 24 hr",24,-1773.90199711891,-1504.67324994327,269.228747175639,"NO","REL AUC"
"LAC","EMv2_3_WBA","A-EMv3.0-WBA 01",-1762.54759036145,"AUC EOS
to 24 hr",24,-1773.90199711891,-1504.67324994327,269.228747175639,"NO","REL AUC"
"LAC","EMv2_3_WBA","A-EMv3.0-WBA 02",-1807.9652173913,"AUC EOS
to 24 hr",24,-1773.90199711891,-1504.67324994327,269.228747175639,"NO","REL AUC"
"LAC","FWB","A-FB 13",-2159.24609375,"AUC EOS
to 24 hr",24,-2098.2,-1865.02302631579,233.17697368421,"NO","REL AUC"
"LAC","FWB","A-FB 14",-2051.025,"AUC EOS
to 24 hr",24,-2098.2,-1865.02302631579,233.17697368421,"NO","REL AUC"
"LAC","FWB","A-FB 16",-2005.80984848485,"AUC EOS
to 24 hr",24,-2098.2,-1865.02302631579,233.17697368421,"NO","REL AUC"
"LAC","FWB","A-FB 17",-1988.06931818182,"AUC EOS
to 24 hr",24,-2098.2,-1865.02302631579,233.17697368421,"NO","REL AUC"
"LAC","FWB","A-FB 19",-1763.68526315789,"AUC EOS
to 24 hr",24,-2098.2,-1865.02302631579,233.17697368421,"NO","REL AUC"
"LAC","FWB","A-FB 22",-1793.77911392405,"AUC EOS
to 24 hr",24,-2098.2,-1865.02302631579,233.17697368421,"NO","REL AUC"
"LAC","FWB","A-FB 23",-2042.18184931507,"AUC EOS
to 24 hr",24,-2098.2,-1865.02302631579,233.17697368421,"NO","REL AUC"
"LAC","FWB","A-FB 25",-1774.17557251908,"AUC EOS
to 24 hr",24,-2098.2,-1865.02302631579,233.17697368421,"NO","REL AUC"
"LAC","FWB","A-FB 26",-1865.02302631579,"AUC EOS
to 24 hr",24,-2098.2,-1865.02302631579,233.17697368421,"NO","REL AUC"
"LAC","FWB","A-FB 27",-1796.02848837209,"AUC EOS
to 24 hr",24,-2098.2,-1865.02302631579,233.17697368421,"NO","REL AUC"
"LAC","FWB","A-FB 29",-2184.36666666667,"AUC EOS
to 24 hr",24,-2098.2,-1865.02302631579,233.17697368421,"NO","REL AUC"
"LAC","FWB","A-FB 31",-2098.2,"AUC EOS
to 24 hr",24,-2098.2,-1865.02302631579,233.17697368421,"NO","REL AUC"
"LAC","FWB","A-FB 32",-2112.46538461539,"AUC EOS
to 24 hr",24,-2098.2,-1865.02302631579,233.17697368421,"NO","REL AUC"
"LAC","FWB","A-FB 34",-2114.49420289855,"AUC EOS
to 24 hr",24,-2098.2,-1865.02302631579,233.17697368421,"NO","REL AUC"
"LAC","FWB","A-FB 35",-2074.42696078431,"AUC EOS
to 24 hr",24,-2098.2,-1865.02302631579,233.17697368421,"NO","REL AUC"
"LAC","FWB","A-FB 37",-1980.71764705882,"AUC EOS
to 24 hr",24,-2098.2,-1865.02302631579,233.17697368421,"NO","REL AUC"
"LAC","FWB","A-FB 38",-2068.29673913043,"AUC EOS
to 24 hr",24,-2098.2,-1865.02302631579,233.17697368421,"NO","REL AUC"
"LAC","LR","A-LR 16",-1339.62777777778,"AUC EOS
to 24 hr",24,-1691.23789994266,-645.776941464552,1045.46095847811,"NO","REL AUC"
"LAC","LR","A-LR 18",-0.844915254237463,"AUC EOS
to 24 hr",24,-1691.23789994266,-645.776941464552,1045.46095847811,"NO","REL AUC"
"LAC","LR","A-LR 19",-1929.44444444444,"AUC EOS
to 24 hr",24,-1691.23789994266,-645.776941464552,1045.46095847811,"NO","REL AUC"
"LAC","LR","A-LR 21",-1717.73486238532,"AUC EOS
to 24 hr",24,-1691.23789994266,-645.776941464552,1045.46095847811,"NO","REL AUC"
"LAC","LR","A-LR 23",-1616.93532608696,"AUC EOS
to 24 hr",24,-1691.23789994266,-645.776941464552,1045.46095847811,"NO","REL AUC"
"LAC","LR","A-LR 24",-1664.7409375,"AUC EOS
to 24 hr",24,-1691.23789994266,-645.776941464552,1045.46095847811,"NO","REL AUC"
"LAC","LR","A-LR 25",-300.38671875,"AUC EOS
to 24 hr",24,-1691.23789994266,-645.776941464552,1045.46095847811,"NO","REL AUC"
"LAC","LR","A-LR 29",-1098.69902912621,"AUC EOS
to 24 hr",24,-1691.23789994266,-645.776941464552,1045.46095847811,"NO","REL AUC"
"LAC","LR","A-LR 30",-57.0610169491527,"AUC EOS
to 24 hr",24,-1691.23789994266,-645.776941464552,1045.46095847811,"NO","REL AUC"
"LAC","LR","A-LR 32",872.110204081633,"AUC EOS
to 24 hr",24,-1691.23789994266,-645.776941464552,1045.46095847811,"NO","REL AUC"
"LAC","LR","A-LR 33",-1282.22469879518,"AUC EOS
to 24 hr",24,-1691.23789994266,-645.776941464552,1045.46095847811,"NO","REL AUC"
"LAC","LR","A-LR 35",-991.167164179104,"AUC EOS
to 24 hr",24,-1691.23789994266,-645.776941464552,1045.46095847811,"NO","REL AUC"
"LAC","LR","A-LR 37",-1185.8814516129,"AUC EOS
to 24 hr",24,-1691.23789994266,-645.776941464552,1045.46095847811,"NO","REL AUC"
"LAC","LR","A-LR 40",-1796.82222222222,"AUC EOS
to 24 hr",24,-1691.23789994266,-645.776941464552,1045.46095847811,"NO","REL AUC"
"LAC","LR","A-LR 41",-1734.78313953488,"AUC EOS
to 24 hr",24,-1691.23789994266,-645.776941464552,1045.46095847811,"NO","REL AUC"
"LAC","SWB","A-SB 01",-2029.20770833333,"AUC EOS
to 24 hr",24,-2054.41071428571,-1861.95801526718,192.452699018539,"NO","REL AUC"
"LAC","SWB","A-SB 02",-2054.41071428571,"AUC EOS
to 24 hr",24,-2054.41071428571,-1861.95801526718,192.452699018539,"NO","REL AUC"
"LAC","SWB","A-SB 04",-1931.75603448276,"AUC EOS
to 24 hr",24,-2054.41071428571,-1861.95801526718,192.452699018539,"NO","REL AUC"
"LAC","SWB","A-SB 06",-2191.475,"AUC EOS
to 24 hr",24,-2054.41071428571,-1861.95801526718,192.452699018539,"NO","REL AUC"
"LAC","SWB","A-SB 07",-2140.53728813559,"AUC EOS
to 24 hr",24,-2054.41071428571,-1861.95801526718,192.452699018539,"NO","REL AUC"
"LAC","SWB","A-SB 09",-2066.76111111111,"AUC EOS
to 24 hr",24,-2054.41071428571,-1861.95801526718,192.452699018539,"NO","REL AUC"
"LAC","SWB","A-SB 16",-1985.5825,"AUC EOS
to 24 hr",24,-2054.41071428571,-1861.95801526718,192.452699018539,"NO","REL AUC"
"LAC","SWB","A-SB 18",-1744.9494949495,"AUC EOS
to 24 hr",24,-2054.41071428571,-1861.95801526718,192.452699018539,"NO","REL AUC"
"LAC","SWB","A-SB 26",-1686.35,"AUC EOS
to 24 hr",24,-2054.41071428571,-1861.95801526718,192.452699018539,"NO","REL AUC"
"LAC","SWB","A-SB 27",-1976.48055555556,"AUC EOS
to 24 hr",24,-2054.41071428571,-1861.95801526718,192.452699018539,"NO","REL AUC"
"LAC","SWB","A-SB 29",-1861.95801526718,"AUC EOS
to 24 hr",24,-2054.41071428571,-1861.95801526718,192.452699018539,"NO","REL AUC"
"LAC","SWB","A-SB 30",-1836.1472972973,"AUC EOS
to 24 hr",24,-2054.41071428571,-1861.95801526718,192.452699018539,"NO","REL AUC"
"LAC","SWB","A-SB 31",-2037.07640449438,"AUC EOS
to 24 hr",24,-2054.41071428571,-1861.95801526718,192.452699018539,"NO","REL AUC"
"MAP","EMv2_3_WBA","A-EMv2.0-WBA 11",1717.66176470588,"AUC EOS
to 24 hr",24,170.315625,1524.71607142857,1354.40044642857,"NO","REL AUC"
"MAP","EMv2_3_WBA","A-EMv2.0-WBA 12",-467.065476190476,"AUC EOS
to 24 hr",24,170.315625,1524.71607142857,1354.40044642857,"NO","REL AUC"
"MAP","EMv2_3_WBA","A-EMv2.0-WBA 13",230.562962962963,"AUC EOS
to 24 hr",24,170.315625,1524.71607142857,1354.40044642857,"NO","REL AUC"
"MAP","EMv2_3_WBA","A-EMv2.0-WBA 16",785.070754716981,"AUC EOS
to 24 hr",24,170.315625,1524.71607142857,1354.40044642857,"NO","REL AUC"
"MAP","EMv2_3_WBA","A-EMv2.0-WBA 19",170.315625,"AUC EOS
to 24 hr",24,170.315625,1524.71607142857,1354.40044642857,"NO","REL AUC"
"MAP","EMv2_3_WBA","A-EMv2.0-WBA 20",2306.07878787879,"AUC EOS
to 24 hr",24,170.315625,1524.71607142857,1354.40044642857,"NO","REL AUC"
"MAP","EMv2_3_WBA","A-EMv2.0-WBA 22",-82.4413333333333,"AUC EOS
to 24 hr",24,170.315625,1524.71607142857,1354.40044642857,"NO","REL AUC"
"MAP","EMv2_3_WBA","A-EMv3.0-WBA 01",1062.50833333333,"AUC EOS
to 24 hr",24,170.315625,1524.71607142857,1354.40044642857,"NO","REL AUC"
"MAP","EMv2_3_WBA","A-EMv3.0-WBA 02",1524.71607142857,"AUC EOS
to 24 hr",24,170.315625,1524.71607142857,1354.40044642857,"NO","REL AUC"
"MAP","FWB","A-FB 13",1500.62073170732,"AUC EOS
to 24 hr",24,906.895192307692,1620.8375,713.942307692308,"NO","REL AUC"
"MAP","FWB","A-FB 14",2019.09342105263,"AUC EOS
to 24 hr",24,906.895192307692,1620.8375,713.942307692308,"NO","REL AUC"
"MAP","FWB","A-FB 16",1797.60111111111,"AUC EOS
to 24 hr",24,906.895192307692,1620.8375,713.942307692308,"NO","REL AUC"
"MAP","FWB","A-FB 17",429.383050847458,"AUC EOS
to 24 hr",24,906.895192307692,1620.8375,713.942307692308,"NO","REL AUC"
"MAP","FWB","A-FB 19",1546.63108108108,"AUC EOS
to 24 hr",24,906.895192307692,1620.8375,713.942307692308,"NO","REL AUC"
"MAP","FWB","A-FB 22",863.078461538462,"AUC EOS
to 24 hr",24,906.895192307692,1620.8375,713.942307692308,"NO","REL AUC"
"MAP","FWB","A-FB 23",906.895192307692,"AUC EOS
to 24 hr",24,906.895192307692,1620.8375,713.942307692308,"NO","REL AUC"
"MAP","FWB","A-FB 25",2727.225,"AUC EOS
to 24 hr",24,906.895192307692,1620.8375,713.942307692308,"NO","REL AUC"
"MAP","FWB","A-FB 26",1620.8375,"AUC EOS
to 24 hr",24,906.895192307692,1620.8375,713.942307692308,"NO","REL AUC"
"MAP","FWB","A-FB 27",2048.19782608696,"AUC EOS
to 24 hr",24,906.895192307692,1620.8375,713.942307692308,"NO","REL AUC"
"MAP","FWB","A-FB 29",1049.63409090909,"AUC EOS
to 24 hr",24,906.895192307692,1620.8375,713.942307692308,"NO","REL AUC"
"MAP","FWB","A-FB 31",1468.19318181818,"AUC EOS
to 24 hr",24,906.895192307692,1620.8375,713.942307692308,"NO","REL AUC"
"MAP","FWB","A-FB 32",1195.03859649123,"AUC EOS
to 24 hr",24,906.895192307692,1620.8375,713.942307692308,"NO","REL AUC"
"MAP","FWB","A-FB 34",1351.77211538462,"AUC EOS
to 24 hr",24,906.895192307692,1620.8375,713.942307692308,"NO","REL AUC"
"MAP","FWB","A-FB 35",513.231746031746,"AUC EOS
to 24 hr",24,906.895192307692,1620.8375,713.942307692308,"NO","REL AUC"
"MAP","FWB","A-FB 37",295.985542168675,"AUC EOS
to 24 hr",24,906.895192307692,1620.8375,713.942307692308,"NO","REL AUC"
"MAP","FWB","A-FB 38",1225.74910714286,"AUC EOS
to 24 hr",24,906.895192307692,1620.8375,713.942307692308,"NO","REL AUC"
"MAP","LR","A-LR 16",-378.129861111111,"AUC EOS
to 24 hr",24,333.52986453202,1625.4599702381,1291.93010570608,"NO","REL AUC"
"MAP","LR","A-LR 18",1110.332,"AUC EOS
to 24 hr",24,333.52986453202,1625.4599702381,1291.93010570608,"NO","REL AUC"
"MAP","LR","A-LR 19",1356.95119047619,"AUC EOS
to 24 hr",24,333.52986453202,1625.4599702381,1291.93010570608,"NO","REL AUC"
"MAP","LR","A-LR 21",715.906818181818,"AUC EOS
to 24 hr",24,333.52986453202,1625.4599702381,1291.93010570608,"NO","REL AUC"
"MAP","LR","A-LR 23",2447.50833333333,"AUC EOS
to 24 hr",24,333.52986453202,1625.4599702381,1291.93010570608,"NO","REL AUC"
"MAP","LR","A-LR 24",74.8622950819672,"AUC EOS
to 24 hr",24,333.52986453202,1625.4599702381,1291.93010570608,"NO","REL AUC"
"MAP","LR","A-LR 25",2033.34375,"AUC EOS
to 24 hr",24,333.52986453202,1625.4599702381,1291.93010570608,"NO","REL AUC"
"MAP","LR","A-LR 29",102.955555555556,"AUC EOS
to 24 hr",24,333.52986453202,1625.4599702381,1291.93010570608,"NO","REL AUC"
"MAP","LR","A-LR 30",644.346428571429,"AUC EOS
to 24 hr",24,333.52986453202,1625.4599702381,1291.93010570608,"NO","REL AUC"
"MAP","LR","A-LR 32",423.807142857143,"AUC EOS
to 24 hr",24,333.52986453202,1625.4599702381,1291.93010570608,"NO","REL AUC"
"MAP","LR","A-LR 33",885.739423076923,"AUC EOS
to 24 hr",24,333.52986453202,1625.4599702381,1291.93010570608,"NO","REL AUC"
"MAP","LR","A-LR 35",481.773958333333,"AUC EOS
to 24 hr",24,333.52986453202,1625.4599702381,1291.93010570608,"NO","REL AUC"
"MAP","LR","A-LR 37",1944,"AUC EOS
to 24 hr",24,333.52986453202,1625.4599702381,1291.93010570608,"NO","REL AUC"
"MAP","LR","A-LR 40",243.252586206897,"AUC EOS
to 24 hr",24,333.52986453202,1625.4599702381,1291.93010570608,"NO","REL AUC"
"MAP","LR","A-LR 41",1893.96875,"AUC EOS
to 24 hr",24,333.52986453202,1625.4599702381,1291.93010570608,"NO","REL AUC"
"MAP","SWB","A-SB 01",923.641860465116,"AUC EOS
to 24 hr",24,923.641860465116,1735.42638888889,811.784528423772,"NO","REL AUC"
"MAP","SWB","A-SB 02",3404.78571428571,"AUC EOS
to 24 hr",24,923.641860465116,1735.42638888889,811.784528423772,"NO","REL AUC"
"MAP","SWB","A-SB 04",1735.42638888889,"AUC EOS
to 24 hr",24,923.641860465116,1735.42638888889,811.784528423772,"NO","REL AUC"
"MAP","SWB","A-SB 06",3678.9,"AUC EOS
to 24 hr",24,923.641860465116,1735.42638888889,811.784528423772,"NO","REL AUC"
"MAP","SWB","A-SB 07",437.843442622951,"AUC EOS
to 24 hr",24,923.641860465116,1735.42638888889,811.784528423772,"NO","REL AUC"
"MAP","SWB","A-SB 09",600.556666666667,"AUC EOS
to 24 hr",24,923.641860465116,1735.42638888889,811.784528423772,"NO","REL AUC"
"MAP","SWB","A-SB 16",1807.48275862069,"AUC EOS
to 24 hr",24,923.641860465116,1735.42638888889,811.784528423772,"NO","REL AUC"
"MAP","SWB","A-SB 18",1141.46625,"AUC EOS
to 24 hr",24,923.641860465116,1735.42638888889,811.784528423772,"NO","REL AUC"
"MAP","SWB","A-SB 26",-60.5367647058824,"AUC EOS
to 24 hr",24,923.641860465116,1735.42638888889,811.784528423772,"NO","REL AUC"
"MAP","SWB","A-SB 27",1196.22272727273,"AUC EOS
to 24 hr",24,923.641860465116,1735.42638888889,811.784528423772,"NO","REL AUC"
"MAP","SWB","A-SB 29",1002.42727272727,"AUC EOS
to 24 hr",24,923.641860465116,1735.42638888889,811.784528423772,"NO","REL AUC"
"MAP","SWB","A-SB 30",1662.58921568627,"AUC EOS
to 24 hr",24,923.641860465116,1735.42638888889,811.784528423772,"NO","REL AUC"
"MAP","SWB","A-SB 31",1286.96739130435,"AUC EOS
to 24 hr",24,923.641860465116,1735.42638888889,811.784528423772,"NO","REL AUC"
