Timepoint,Clock_Time,ID,MODEL,METRIC,VALUE,GROUP,UNITS
Baseline,06:40,B-B 05,B-B,MAP,72,MAP,mmHg
Baseline,06:40,B-B 05,B-B,bpm,242,Heart rate,bpm
Baseline,06:40,B-B 05,B-B,RBC,5.85,CBC,M/mL
Baseline,06:40,B-B 05,B-B,Hb,11.6,CBC,mg/dL
Baseline,06:40,B-B 05,B-B,HCT,36.7,CBC,mmHg
Baseline,06:40,B-B 05,B-B,PLT,247,CBC,10^3/uL
Baseline,06:40,B-B 05,B-B,WBC,6.1,CBC,10^3/uL
Baseline,06:40,B-B 05,B-B,X._Free_Hb,0,% Free Hb,%
Baseline,06:40,B-B 05,B-B,LAC,0.9,ABG,mmol/L
Baseline,06:40,B-B 05,B-B,pH,7.451,ABG,value
Baseline,06:40,B-B 05,B-B,pCO2,45.7,ABG,mmHg
Baseline,06:40,B-B 05,B-B,pO2,64.2,ABG,mmHg
Baseline,06:40,B-B 05,B-B,AST,26,CMP,U/L
Baseline,06:40,B-B 05,B-B,ALT,72,CMP,U/L
Baseline,06:40,B-B 05,B-B,LDH,96,CMP,U/L
Baseline,06:40,B-B 05,B-B,CREA,0.8,CMP,mg/dL
Baseline,06:40,B-B 05,B-B,BUN,11.55,CMP,mg/dL
Baseline,06:40,B-B 05,B-B,AMY,270,CMP,U/L
Baseline,06:40,B-B 05,B-B,TG,85.71,CMP,mg/dL
Baseline,06:40,B-B 05,B-B,GLU,132.86,CMP,mg/dL
Baseline,06:40,B-B 05,B-B,GGT,6,CMP,U/L
Baseline,06:40,B-B 05,B-B,APTT,135.9,Coag Panel,sec
Baseline,06:40,B-B 05,B-B,PT,14.7,Coag Panel,sec
Baseline,06:40,B-B 05,B-B,TT,20.7,Coag Panel,sec
Baseline,06:40,B-B 05,B-B,Fib,1.63,Coag Panel,g/L
EOS,09:02,B-B 05,B-B,MAP,71,MAP,mmHg
EOS,09:02,B-B 05,B-B,bpm,192,Heart rate,bpm
EOS,09:02,B-B 05,B-B,RBC,3.8,CBC,M/mL
EOS,09:02,B-B 05,B-B,Hb,7.7,CBC,mg/dL
EOS,09:02,B-B 05,B-B,HCT,23.6,CBC,mmHg
EOS,09:02,B-B 05,B-B,PLT,90,CBC,10^3/uL
EOS,09:02,B-B 05,B-B,WBC,5.9,CBC,10^3/uL
EOS,09:02,B-B 05,B-B,X._Free_Hb,0,% Free Hb,%
EOS,09:02,B-B 05,B-B,LAC,11.5,ABG,mmol/L
EOS,09:02,B-B 05,B-B,pH,7.423,ABG,value
EOS,09:02,B-B 05,B-B,pCO2,32.4,ABG,mmHg
EOS,09:02,B-B 05,B-B,pO2,96.9,ABG,mmHg
EOR,09:12,B-B 05,B-B,MAP,66,MAP,mmHg
EOR,09:12,B-B 05,B-B,bpm,275,Heart rate,bpm
EOR,09:12,B-B 05,B-B,RBC,4.6,CBC,M/mL
EOR,09:12,B-B 05,B-B,Hb,9.2,CBC,mg/dL
EOR,09:12,B-B 05,B-B,HCT,28.7,CBC,mmHg
EOR,09:12,B-B 05,B-B,PLT,187,CBC,10^3/uL
EOR,09:12,B-B 05,B-B,WBC,4.8,CBC,10^3/uL
EOR,09:12,B-B 05,B-B,X._Free_Hb,0,% Free Hb,%
EOR,09:12,B-B 05,B-B,LAC,11.1,ABG,mmol/L
EOR,09:12,B-B 05,B-B,pH,7.351,ABG,value
EOR,09:12,B-B 05,B-B,pCO2,38.3,ABG,mmHg
EOR,09:12,B-B 05,B-B,pO2,89,ABG,mmHg
EOR,09:12,B-B 05,B-B,AST,51,CMP,U/L
EOR,09:12,B-B 05,B-B,ALT,64,CMP,U/L
EOR,09:12,B-B 05,B-B,LDH,202,CMP,U/L
EOR,09:12,B-B 05,B-B,CREA,1.3,CMP,mg/dL
EOR,09:12,B-B 05,B-B,BUN,20.59,CMP,mg/dL
EOR,09:12,B-B 05,B-B,AMY,255,CMP,U/L
EOR,09:12,B-B 05,B-B,TG,160.25,CMP,mg/dL
EOR,09:12,B-B 05,B-B,GLU,336.37,CMP,mg/dL
EOR,09:12,B-B 05,B-B,GGT,5,CMP,U/L
EOR,09:12,B-B 05,B-B,APTT,142.1,Coag Panel,sec
EOR,09:12,B-B 05,B-B,PT,14.2,Coag Panel,sec
EOR,09:12,B-B 05,B-B,TT,20.4,Coag Panel,sec
EOR,09:12,B-B 05,B-B,Fib,1.48,Coag Panel,g/L
10%,10:12,B-B 05,B-B,MAP,56,MAP,mmHg
10%,10:12,B-B 05,B-B,bpm,293,Heart rate,bpm
10%,10:12,B-B 05,B-B,LAC,5.4,ABG,mmol/L
10%,10:12,B-B 05,B-B,pH,7.474,ABG,value
10%,10:12,B-B 05,B-B,pCO2,42.4,ABG,mmHg
10%,10:12,B-B 05,B-B,pO2,88.9,ABG,mmHg
7.5%,11:12,B-B 05,B-B,MAP,92,MAP,mmHg
7.5%,11:12,B-B 05,B-B,bpm,281,Heart rate,bpm
7.5%,11:12,B-B 05,B-B,LAC,13.8,ABG,mmol/L
7.5%,11:12,B-B 05,B-B,pH,7.367,ABG,value
7.5%,11:12,B-B 05,B-B,pCO2,40.1,ABG,mmHg
7.5%,11:12,B-B 05,B-B,pO2,93.7,ABG,mmHg
Baseline,NA,B-B 08,B-B,MAP,237,MAP,mmHg
Baseline,NA,B-B 08,B-B,bpm,237,Heart rate,bpm
Baseline,NA,B-B 08,B-B,RBC,5.34,CBC,M/mL
Baseline,NA,B-B 08,B-B,Hb,11.1,CBC,mg/dL
Baseline,NA,B-B 08,B-B,HCT,35,CBC,mmHg
Baseline,NA,B-B 08,B-B,PLT,52,CBC,10^3/uL
Baseline,NA,B-B 08,B-B,WBC,7.4,CBC,10^3/uL
Baseline,NA,B-B 08,B-B,X._Free_Hb,0,% Free Hb,%
Baseline,NA,B-B 08,B-B,LAC,1.2,ABG,mmol/L
Baseline,NA,B-B 08,B-B,pH,7.455,ABG,value
Baseline,NA,B-B 08,B-B,pCO2,41,ABG,mmHg
Baseline,NA,B-B 08,B-B,pO2,83.8,ABG,mmHg
Baseline,NA,B-B 08,B-B,AST,36,CMP,U/L
Baseline,NA,B-B 08,B-B,ALT,36,CMP,U/L
Baseline,NA,B-B 08,B-B,LDH,186,CMP,U/L
Baseline,NA,B-B 08,B-B,CREA,0.7,CMP,mg/dL
Baseline,NA,B-B 08,B-B,BUN,12.02,CMP,mg/dL
Baseline,NA,B-B 08,B-B,AMY,180,CMP,U/L
Baseline,NA,B-B 08,B-B,TG,260.21,CMP,mg/dL
Baseline,NA,B-B 08,B-B,GLU,132.87,CMP,mg/dL
Baseline,NA,B-B 08,B-B,GGT,8,CMP,U/L
Baseline,NA,B-B 08,B-B,APTT,140.8,Coag Panel,sec
Baseline,NA,B-B 08,B-B,PT,22.6,Coag Panel,sec
Baseline,NA,B-B 08,B-B,TT,20.8,Coag Panel,sec
Baseline,NA,B-B 08,B-B,Fib,2.13,Coag Panel,g/L
EOS,NA,B-B 08,B-B,MAP,238,MAP,mmHg
EOS,NA,B-B 08,B-B,bpm,238,Heart rate,bpm
EOS,NA,B-B 08,B-B,RBC,4.02,CBC,M/mL
EOS,NA,B-B 08,B-B,Hb,8.3,CBC,mg/dL
EOS,NA,B-B 08,B-B,HCT,26,CBC,mmHg
EOS,NA,B-B 08,B-B,PLT,180,CBC,10^3/uL
EOS,NA,B-B 08,B-B,WBC,6,CBC,10^3/uL
EOS,NA,B-B 08,B-B,X._Free_Hb,0,% Free Hb,%
EOS,NA,B-B 08,B-B,LAC,3.5,ABG,mmol/L
EOS,NA,B-B 08,B-B,pH,7.481,ABG,value
EOS,NA,B-B 08,B-B,pCO2,49,ABG,mmHg
EOS,NA,B-B 08,B-B,pO2,71.8,ABG,mmHg
EOR,NA,B-B 08,B-B,MAP,200,MAP,mmHg
EOR,NA,B-B 08,B-B,bpm,200,Heart rate,bpm
EOR,NA,B-B 08,B-B,RBC,4.09,CBC,M/mL
EOR,NA,B-B 08,B-B,Hb,8.5,CBC,mg/dL
EOR,NA,B-B 08,B-B,HCT,26.7,CBC,mmHg
EOR,NA,B-B 08,B-B,PLT,86,CBC,10^3/uL
EOR,NA,B-B 08,B-B,WBC,8.5,CBC,10^3/uL
EOR,NA,B-B 08,B-B,X._Free_Hb,0,% Free Hb,%
EOR,NA,B-B 08,B-B,LAC,2.8,ABG,mmol/L
EOR,NA,B-B 08,B-B,pH,7.441,ABG,value
EOR,NA,B-B 08,B-B,pCO2,46.9,ABG,mmHg
EOR,NA,B-B 08,B-B,pO2,72.2,ABG,mmHg
EOR,NA,B-B 08,B-B,AST,34,CMP,U/L
EOR,NA,B-B 08,B-B,ALT,35,CMP,U/L
EOR,NA,B-B 08,B-B,LDH,138,CMP,U/L
EOR,NA,B-B 08,B-B,CREA,1.2,CMP,mg/dL
EOR,NA,B-B 08,B-B,BUN,15.36,CMP,mg/dL
EOR,NA,B-B 08,B-B,AMY,143,CMP,U/L
EOR,NA,B-B 08,B-B,TG,191.56,CMP,mg/dL
EOR,NA,B-B 08,B-B,GLU,221.75,CMP,mg/dL
EOR,NA,B-B 08,B-B,GGT,6,CMP,U/L
EOR,NA,B-B 08,B-B,APTT,15.1,Coag Panel,sec
EOR,NA,B-B 08,B-B,PT,38.5,Coag Panel,sec
EOR,NA,B-B 08,B-B,Fib,0.65,Coag Panel,g/L
10%,NA,B-B 08,B-B,MAP,219,MAP,mmHg
10%,NA,B-B 08,B-B,bpm,219,Heart rate,bpm
10%,NA,B-B 08,B-B,LAC,2.3,ABG,mmol/L
10%,NA,B-B 08,B-B,pH,7.485,ABG,value
10%,NA,B-B 08,B-B,pCO2,47.7,ABG,mmHg
10%,NA,B-B 08,B-B,pO2,67.9,ABG,mmHg
7.5%,NA,B-B 08,B-B,MAP,209,MAP,mmHg
7.5%,NA,B-B 08,B-B,bpm,209,Heart rate,bpm
7.5%,NA,B-B 08,B-B,LAC,1.4,ABG,mmol/L
7.5%,NA,B-B 08,B-B,pH,7.496,ABG,value
7.5%,NA,B-B 08,B-B,pCO2,48.5,ABG,mmHg
7.5%,NA,B-B 08,B-B,pO2,63.6,ABG,mmHg
5%,NA,B-B 08,B-B,MAP,214,MAP,mmHg
5%,NA,B-B 08,B-B,bpm,214,Heart rate,bpm
5%,NA,B-B 08,B-B,LAC,1.4,ABG,mmol/L
5%,NA,B-B 08,B-B,pH,7.464,ABG,value
5%,NA,B-B 08,B-B,pCO2,47.4,ABG,mmHg
5%,NA,B-B 08,B-B,pO2,79.3,ABG,mmHg
2.5%,14:08,B-B 08,B-B,MAP,230,MAP,mmHg
2.5%,14:08,B-B 08,B-B,bpm,230,Heart rate,bpm
2.5%,14:08,B-B 08,B-B,pH,7.447,ABG,value
2.5%,14:08,B-B 08,B-B,pCO2,45.6,ABG,mmHg
2.5%,14:08,B-B 08,B-B,pO2,79.6,ABG,mmHg
EOB,14:18,B-B 08,B-B,MAP,219,MAP,mmHg
EOB,14:18,B-B 08,B-B,bpm,219,Heart rate,bpm
EOB,14:18,B-B 08,B-B,LAC,1.8,ABG,mmol/L
EOB,14:18,B-B 08,B-B,pH,7.453,ABG,value
EOB,14:18,B-B 08,B-B,pCO2,45.1,ABG,mmHg
EOB,14:18,B-B 08,B-B,pO2,82.2,ABG,mmHg
EOB,14:18,B-B 08,B-B,AST,42,CMP,U/L
EOB,14:18,B-B 08,B-B,ALT,45,CMP,U/L
EOB,14:18,B-B 08,B-B,LDH,193,CMP,U/L
EOB,14:18,B-B 08,B-B,CREA,0.4,CMP,mg/dL
EOB,14:18,B-B 08,B-B,BUN,22.66,CMP,mg/dL
EOB,14:18,B-B 08,B-B,AMY,188,CMP,U/L
EOB,14:18,B-B 08,B-B,TG,225.86,CMP,mg/dL
EOB,14:18,B-B 08,B-B,GLU,124.52,CMP,mg/dL
EOB,14:18,B-B 08,B-B,GGT,10,CMP,U/L
EOB,14:18,B-B 08,B-B,APTT,136.8,Coag Panel,sec
EOB,14:18,B-B 08,B-B,PT,13.3,Coag Panel,sec
EOB,14:18,B-B 08,B-B,TT,93.8,Coag Panel,sec
EOB,14:18,B-B 08,B-B,Fib,3.07,Coag Panel,g/L
24HR,22:08,B-B 08,B-B,MAP,288,MAP,mmHg
24HR,22:08,B-B 08,B-B,bpm,288,Heart rate,bpm
24HR,22:08,B-B 08,B-B,RBC,4.9,CBC,M/mL
24HR,22:08,B-B 08,B-B,Hb,10.3,CBC,mg/dL
24HR,22:08,B-B 08,B-B,HCT,31.9,CBC,mmHg
24HR,22:08,B-B 08,B-B,PLT,29,CBC,10^3/uL
24HR,22:08,B-B 08,B-B,WBC,6.3,CBC,10^3/uL
24HR,22:08,B-B 08,B-B,X._Free_Hb,0,% Free Hb,%
24HR,22:08,B-B 08,B-B,LAC,2.3,ABG,mmol/L
24HR,22:08,B-B 08,B-B,pH,7.447,ABG,value
24HR,22:08,B-B 08,B-B,pCO2,43.3,ABG,mmHg
24HR,22:08,B-B 08,B-B,pO2,77.8,ABG,mmHg
24HR,22:08,B-B 08,B-B,AST,59,CMP,U/L
24HR,22:08,B-B 08,B-B,ALT,57,CMP,U/L
24HR,22:08,B-B 08,B-B,LDH,205,CMP,U/L
24HR,22:08,B-B 08,B-B,CREA,0.5,CMP,mg/dL
24HR,22:08,B-B 08,B-B,BUN,13.35,CMP,mg/dL
24HR,22:08,B-B 08,B-B,AMY,223,CMP,U/L
24HR,22:08,B-B 08,B-B,TG,172.36,CMP,mg/dL
24HR,22:08,B-B 08,B-B,GLU,165.36,CMP,mg/dL
24HR,22:08,B-B 08,B-B,GGT,10,CMP,U/L
24HR,22:08,B-B 08,B-B,PT,55.6,Coag Panel,sec
48HR,22:08,B-B 08,B-B,MAP,262,MAP,mmHg
48HR,22:08,B-B 08,B-B,bpm,262,Heart rate,bpm
48HR,22:08,B-B 08,B-B,LAC,2.9,ABG,mmol/L
48HR,22:08,B-B 08,B-B,pH,7.447,ABG,value
48HR,22:08,B-B 08,B-B,pCO2,39.5,ABG,mmHg
48HR,22:08,B-B 08,B-B,pO2,80.3,ABG,mmHg
48HR,22:08,B-B 08,B-B,AST,22,CMP,U/L
48HR,22:08,B-B 08,B-B,ALT,44,CMP,U/L
48HR,22:08,B-B 08,B-B,LDH,141,CMP,U/L
48HR,22:08,B-B 08,B-B,CREA,0.7,CMP,mg/dL
48HR,22:08,B-B 08,B-B,BUN,12.1,CMP,mg/dL
48HR,22:08,B-B 08,B-B,AMY,194,CMP,U/L
48HR,22:08,B-B 08,B-B,TG,91.8,CMP,mg/dL
48HR,22:08,B-B 08,B-B,GLU,132.09,CMP,mg/dL
48HR,22:08,B-B 08,B-B,GGT,7,CMP,U/L
48HR,22:08,B-B 08,B-B,APTT,138.9,Coag Panel,sec
48HR,22:08,B-B 08,B-B,PT,17,Coag Panel,sec
48HR,22:08,B-B 08,B-B,TT,74.4,Coag Panel,sec
48HR,22:08,B-B 08,B-B,Fib,2.58,Coag Panel,g/L
Baseline,09:00,B-B 12,B-B,APTT,16.8,Coag Panel,sec
Baseline,09:00,B-B 12,B-B,PT,18.1,Coag Panel,sec
Baseline,09:00,B-B 12,B-B,TT,57.1,Coag Panel,sec
Baseline,09:00,B-B 12,B-B,Fib,2.58,Coag Panel,g/L
Baseline,07:55,B-B 18,B-B,MAP,92,MAP,mmHg
Baseline,07:55,B-B 18,B-B,bpm,264,Heart rate,bpm
Baseline,07:55,B-B 18,B-B,RBC,5.82,CBC,M/mL
Baseline,07:55,B-B 18,B-B,Hb,13,CBC,mg/dL
Baseline,07:55,B-B 18,B-B,HCT,38,CBC,mmHg
Baseline,07:55,B-B 18,B-B,PLT,196,CBC,10^3/uL
Baseline,07:55,B-B 18,B-B,WBC,9.3,CBC,10^3/uL
Baseline,07:55,B-B 18,B-B,LAC,2.1,ABG,mmol/L
EOS,10:13,B-B 18,B-B,MAP,40,MAP,mmHg
EOS,10:13,B-B 18,B-B,bpm,295,Heart rate,bpm
EOS,10:13,B-B 18,B-B,RBC,3.39,CBC,M/mL
EOS,10:13,B-B 18,B-B,Hb,7.4,CBC,mg/dL
EOS,10:13,B-B 18,B-B,HCT,21.6,CBC,mmHg
EOS,10:13,B-B 18,B-B,PLT,170,CBC,10^3/uL
EOS,10:13,B-B 18,B-B,WBC,6.9,CBC,10^3/uL
EOS,10:13,B-B 18,B-B,LAC,10.1,ABG,mmol/L
EOR,10:23,B-B 18,B-B,MAP,56,MAP,mmHg
EOR,10:23,B-B 18,B-B,bpm,289,Heart rate,bpm
EOR,10:23,B-B 18,B-B,RBC,4.46,CBC,M/mL
EOR,10:23,B-B 18,B-B,Hb,9.9,CBC,mg/dL
EOR,10:23,B-B 18,B-B,HCT,38.5,CBC,mmHg
EOR,10:23,B-B 18,B-B,PLT,112,CBC,10^3/uL
EOR,10:23,B-B 18,B-B,WBC,8.3,CBC,10^3/uL
EOR,10:23,B-B 18,B-B,LAC,11.3,ABG,mmol/L
10%,11:23,B-B 18,B-B,MAP,71,MAP,mmHg
10%,11:23,B-B 18,B-B,bpm,289,Heart rate,bpm
10%,11:23,B-B 18,B-B,LAC,9.7,ABG,mmol/L
10%,11:23,B-B 18,B-B,pH,7.422,ABG,value
10%,11:23,B-B 18,B-B,pCO2,37.6,ABG,mmHg
10%,11:23,B-B 18,B-B,pO2,71.2,ABG,mmHg
7.5%,12:23,B-B 18,B-B,MAP,70,MAP,mmHg
7.5%,12:23,B-B 18,B-B,bpm,294,Heart rate,bpm
7.5%,12:23,B-B 18,B-B,LAC,7.3,ABG,mmol/L
7.5%,12:23,B-B 18,B-B,pH,7.424,ABG,value
7.5%,12:23,B-B 18,B-B,pCO2,39.6,ABG,mmHg
7.5%,12:23,B-B 18,B-B,pO2,91.6,ABG,mmHg
5%,13:23,B-B 18,B-B,MAP,80,MAP,mmHg
5%,13:23,B-B 18,B-B,bpm,297,Heart rate,bpm
5%,13:23,B-B 18,B-B,LAC,7.3,ABG,mmol/L
5%,13:23,B-B 18,B-B,pH,7.453,ABG,value
5%,13:23,B-B 18,B-B,pCO2,38.7,ABG,mmHg
5%,13:23,B-B 18,B-B,pO2,93.2,ABG,mmHg
1HR,NA,B-B 18,B-B,RBC,4.96,CBC,M/mL
1HR,NA,B-B 18,B-B,Hb,11,CBC,mg/dL
1HR,NA,B-B 18,B-B,HCT,31.7,CBC,mmHg
1HR,NA,B-B 18,B-B,PLT,103,CBC,10^3/uL
1HR,NA,B-B 18,B-B,WBC,8.8,CBC,10^3/uL
24HR,NA,B-B 18,B-B,RBC,5.37,CBC,M/mL
24HR,NA,B-B 18,B-B,Hb,12.2,CBC,mg/dL
24HR,NA,B-B 18,B-B,HCT,34.6,CBC,mmHg
24HR,NA,B-B 18,B-B,PLT,151,CBC,10^3/uL
24HR,NA,B-B 18,B-B,WBC,6.6,CBC,10^3/uL
Baseline,06:00,B-B 20,B-B,MAP,62,MAP,mmHg
Baseline,06:00,B-B 20,B-B,bpm,279,Heart rate,bpm
Baseline,06:00,B-B 20,B-B,RBC,5.1,CBC,M/mL
Baseline,06:00,B-B 20,B-B,Hb,11.8,CBC,mg/dL
Baseline,06:00,B-B 20,B-B,HCT,33.3,CBC,mmHg
Baseline,06:00,B-B 20,B-B,PLT,207,CBC,10^3/uL
Baseline,06:00,B-B 20,B-B,WBC,4.2,CBC,10^3/uL
Baseline,06:00,B-B 20,B-B,X._Free_Hb,0,% Free Hb,%
Baseline,06:00,B-B 20,B-B,LAC,0.9,ABG,mmol/L
Baseline,06:00,B-B 20,B-B,pH,7.493,ABG,value
Baseline,06:00,B-B 20,B-B,pCO2,39.5,ABG,mmHg
Baseline,06:00,B-B 20,B-B,pO2,75.9,ABG,mmHg
Baseline,06:00,B-B 20,B-B,AST,35,CMP,U/L
Baseline,06:00,B-B 20,B-B,ALT,48,CMP,U/L
Baseline,06:00,B-B 20,B-B,LDH,149,CMP,U/L
Baseline,06:00,B-B 20,B-B,CREA,0.6,CMP,mg/dL
Baseline,06:00,B-B 20,B-B,BUN,14.38,CMP,mg/dL
Baseline,06:00,B-B 20,B-B,AMY,323,CMP,U/L
Baseline,06:00,B-B 20,B-B,GLU,291.72,CMP,mg/dL
Baseline,06:00,B-B 20,B-B,GGT,6,CMP,U/L
Baseline,06:00,B-B 20,B-B,CKHR_time,6.6,TEG 5000,min
Baseline,06:00,B-B 20,B-B,CKH_K,1.2,TEG 5000,min
Baseline,06:00,B-B 20,B-B,CKH_angle,50.8,TEG 5000,degree
Baseline,06:00,B-B 20,B-B,CKH_MA,63.8,TEG 5000,mm
Baseline,06:00,B-B 20,B-B,APTT,13.6,Coag Panel,sec
Baseline,06:00,B-B 20,B-B,PT,14.8,Coag Panel,sec
Baseline,06:00,B-B 20,B-B,TT,28.9,Coag Panel,sec
Baseline,06:00,B-B 20,B-B,Fib,1.55,Coag Panel,g/L
EOS,09:40,B-B 20,B-B,MAP,50,MAP,mmHg
EOS,09:40,B-B 20,B-B,bpm,170,Heart rate,bpm
EOS,09:40,B-B 20,B-B,RBC,3.32,CBC,M/mL
EOS,09:40,B-B 20,B-B,Hb,7.3,CBC,mg/dL
EOS,09:40,B-B 20,B-B,HCT,21.6,CBC,mmHg
EOS,09:40,B-B 20,B-B,PLT,160,CBC,10^3/uL
EOS,09:40,B-B 20,B-B,WBC,5.2,CBC,10^3/uL
EOS,09:40,B-B 20,B-B,X._Free_Hb,0,% Free Hb,%
EOS,09:40,B-B 20,B-B,LAC,5.9,ABG,mmol/L
EOS,09:40,B-B 20,B-B,pH,7.42,ABG,value
EOS,09:40,B-B 20,B-B,pCO2,44.3,ABG,mmHg
EOS,09:40,B-B 20,B-B,pO2,69.9,ABG,mmHg
EOS,09:40,B-B 20,B-B,AST,59,CMP,U/L
EOS,09:40,B-B 20,B-B,ALT,47,CMP,U/L
EOS,09:40,B-B 20,B-B,LDH,191,CMP,U/L
EOS,09:40,B-B 20,B-B,CREA,0.6,CMP,mg/dL
EOS,09:40,B-B 20,B-B,BUN,15.71,CMP,mg/dL
EOS,09:40,B-B 20,B-B,AMY,359,CMP,U/L
EOS,09:40,B-B 20,B-B,TG,205.95,CMP,mg/dL
EOS,09:40,B-B 20,B-B,GLU,305.5,CMP,mg/dL
EOS,09:40,B-B 20,B-B,GGT,2,CMP,U/L
EOS,09:40,B-B 20,B-B,CKHR_time,6.8,TEG 5000,min
EOS,09:40,B-B 20,B-B,CKH_K,1.2,TEG 5000,min
EOS,09:40,B-B 20,B-B,CKH_angle,69.8,TEG 5000,degree
EOS,09:40,B-B 20,B-B,CKH_MA,62.4,TEG 5000,mm
EOS,09:40,B-B 20,B-B,APTT,140.3,Coag Panel,sec
EOS,09:40,B-B 20,B-B,PT,12.5,Coag Panel,sec
EOS,09:40,B-B 20,B-B,TT,32.6,Coag Panel,sec
EOS,09:40,B-B 20,B-B,Fib,2.74,Coag Panel,g/L
EOR,09:50,B-B 20,B-B,MAP,59,MAP,mmHg
EOR,09:50,B-B 20,B-B,bpm,269,Heart rate,bpm
EOR,09:50,B-B 20,B-B,RBC,4,CBC,M/mL
EOR,09:50,B-B 20,B-B,Hb,8.8,CBC,mg/dL
EOR,09:50,B-B 20,B-B,HCT,26.2,CBC,mmHg
EOR,09:50,B-B 20,B-B,PLT,159,CBC,10^3/uL
EOR,09:50,B-B 20,B-B,WBC,6.3,CBC,10^3/uL
EOR,09:50,B-B 20,B-B,X._Free_Hb,0,% Free Hb,%
EOR,09:50,B-B 20,B-B,LAC,5.9,ABG,mmol/L
EOR,09:50,B-B 20,B-B,pH,7.384,ABG,value
EOR,09:50,B-B 20,B-B,pCO2,41.8,ABG,mmHg
EOR,09:50,B-B 20,B-B,pO2,100,ABG,mmHg
EOR,09:50,B-B 20,B-B,AST,35,CMP,U/L
EOR,09:50,B-B 20,B-B,ALT,48,CMP,U/L
EOR,09:50,B-B 20,B-B,LDH,149,CMP,U/L
EOR,09:50,B-B 20,B-B,CREA,0.6,CMP,mg/dL
EOR,09:50,B-B 20,B-B,BUN,14.38,CMP,mg/dL
EOR,09:50,B-B 20,B-B,AMY,323,CMP,U/L
EOR,09:50,B-B 20,B-B,TG,176.95,CMP,mg/dL
EOR,09:50,B-B 20,B-B,GLU,291.72,CMP,mg/dL
EOR,09:50,B-B 20,B-B,GGT,6,CMP,U/L
EOR,09:50,B-B 20,B-B,CKHR_time,7.2,TEG 5000,min
EOR,09:50,B-B 20,B-B,CKH_K,1.2,TEG 5000,min
EOR,09:50,B-B 20,B-B,CKH_angle,72,TEG 5000,degree
EOR,09:50,B-B 20,B-B,CKH_MA,66,TEG 5000,mm
EOR,09:50,B-B 20,B-B,APTT,139.3,Coag Panel,sec
EOR,09:50,B-B 20,B-B,PT,15.8,Coag Panel,sec
EOR,09:50,B-B 20,B-B,Fib,4.56,Coag Panel,g/L
20%,10:50,B-B 20,B-B,MAP,70,MAP,mmHg
20%,10:50,B-B 20,B-B,bpm,241,Heart rate,bpm
20%,10:50,B-B 20,B-B,LAC,20,ABG,mmol/L
20%,10:50,B-B 20,B-B,pH,7.319,ABG,value
20%,10:50,B-B 20,B-B,pCO2,32.3,ABG,mmHg
20%,10:50,B-B 20,B-B,pO2,91.5,ABG,mmHg
Baseline,06:40,B-B 25,B-B,MAP,74,MAP,mmHg
Baseline,06:40,B-B 25,B-B,bpm,270,Heart rate,bpm
Baseline,06:40,B-B 25,B-B,RBC,5.35,CBC,M/mL
Baseline,06:40,B-B 25,B-B,Hb,11.4,CBC,mg/dL
Baseline,06:40,B-B 25,B-B,HCT,35.5,CBC,mmHg
Baseline,06:40,B-B 25,B-B,PLT,215,CBC,10^3/uL
Baseline,06:40,B-B 25,B-B,WBC,3.5,CBC,10^3/uL
Baseline,06:40,B-B 25,B-B,X._Free_Hb,0,% Free Hb,%
Baseline,06:40,B-B 25,B-B,LAC,1.1,ABG,mmol/L
Baseline,06:40,B-B 25,B-B,pH,7.443,ABG,value
Baseline,06:40,B-B 25,B-B,pCO2,40.7,ABG,mmHg
Baseline,06:40,B-B 25,B-B,pO2,76.1,ABG,mmHg
Baseline,06:40,B-B 25,B-B,AST,18,CMP,U/L
Baseline,06:40,B-B 25,B-B,ALT,35,CMP,U/L
Baseline,06:40,B-B 25,B-B,LDH,145,CMP,U/L
Baseline,06:40,B-B 25,B-B,CREA,0.5,CMP,mg/dL
Baseline,06:40,B-B 25,B-B,BUN,13.54,CMP,mg/dL
Baseline,06:40,B-B 25,B-B,AMY,269,CMP,U/L
Baseline,06:40,B-B 25,B-B,TG,80.05,CMP,mg/dL
Baseline,06:40,B-B 25,B-B,GLU,147.56,CMP,mg/dL
Baseline,06:40,B-B 25,B-B,GGT,5,CMP,U/L
Baseline,06:40,B-B 25,B-B,CKHR_time,10.2,TEG 5000,min
Baseline,06:40,B-B 25,B-B,CKH_K,2.9,TEG 5000,min
Baseline,06:40,B-B 25,B-B,CKH_angle,49.8,TEG 5000,degree
Baseline,06:40,B-B 25,B-B,CKH_MA,56.4,TEG 5000,mm
Baseline,06:40,B-B 25,B-B,APTT,122.4,Coag Panel,sec
Baseline,06:40,B-B 25,B-B,PT,18.9,Coag Panel,sec
Baseline,06:40,B-B 25,B-B,TT,19.9,Coag Panel,sec
Baseline,06:40,B-B 25,B-B,Fib,1.58,Coag Panel,g/L
EOS,09:30,B-B 25,B-B,MAP,39,MAP,mmHg
EOS,09:30,B-B 25,B-B,bpm,177,Heart rate,bpm
EOS,09:30,B-B 25,B-B,RBC,3.3,CBC,M/mL
EOS,09:30,B-B 25,B-B,Hb,7.2,CBC,mg/dL
EOS,09:30,B-B 25,B-B,HCT,21.7,CBC,mmHg
EOS,09:30,B-B 25,B-B,PLT,165,CBC,10^3/uL
EOS,09:30,B-B 25,B-B,WBC,4.1,CBC,10^3/uL
EOS,09:30,B-B 25,B-B,X._Free_Hb,0,% Free Hb,%
EOS,09:30,B-B 25,B-B,LAC,10.3,ABG,mmol/L
EOS,09:30,B-B 25,B-B,pH,7.442,ABG,value
EOS,09:30,B-B 25,B-B,pCO2,26.9,ABG,mmHg
EOS,09:30,B-B 25,B-B,pO2,106,ABG,mmHg
EOS,09:30,B-B 25,B-B,AST,103,CMP,U/L
EOS,09:30,B-B 25,B-B,ALT,58,CMP,U/L
EOS,09:30,B-B 25,B-B,LDH,141,CMP,U/L
EOS,09:30,B-B 25,B-B,CREA,0.7,CMP,mg/dL
EOS,09:30,B-B 25,B-B,BUN,20.2,CMP,mg/dL
EOS,09:30,B-B 25,B-B,AMY,238,CMP,U/L
EOS,09:30,B-B 25,B-B,TG,126.12,CMP,mg/dL
EOS,09:30,B-B 25,B-B,GLU,540.6,CMP,mg/dL
EOS,09:30,B-B 25,B-B,GGT,2,CMP,U/L
EOS,09:30,B-B 25,B-B,CKHR_time,8.6,TEG 5000,min
EOS,09:30,B-B 25,B-B,CKH_K,1.2,TEG 5000,min
EOS,09:30,B-B 25,B-B,CKH_angle,72.4,TEG 5000,degree
EOS,09:30,B-B 25,B-B,CKH_MA,60.5,TEG 5000,mm
EOS,09:30,B-B 25,B-B,APTT,133.6,Coag Panel,sec
EOS,09:30,B-B 25,B-B,PT,14,Coag Panel,sec
EOS,09:30,B-B 25,B-B,TT,17,Coag Panel,sec
EOS,09:30,B-B 25,B-B,Fib,1.77,Coag Panel,g/L
EOR,09:40,B-B 25,B-B,MAP,63,MAP,mmHg
EOR,09:40,B-B 25,B-B,bpm,281,Heart rate,bpm
EOR,09:40,B-B 25,B-B,RBC,3.99,CBC,M/mL
EOR,09:40,B-B 25,B-B,Hb,8.7,CBC,mg/dL
EOR,09:40,B-B 25,B-B,HCT,26.4,CBC,mmHg
EOR,09:40,B-B 25,B-B,PLT,133,CBC,10^3/uL
EOR,09:40,B-B 25,B-B,WBC,5.4,CBC,10^3/uL
EOR,09:40,B-B 25,B-B,X._Free_Hb,0,% Free Hb,%
EOR,09:40,B-B 25,B-B,LAC,9.1,ABG,mmol/L
EOR,09:40,B-B 25,B-B,pH,7.346,ABG,value
EOR,09:40,B-B 25,B-B,pCO2,29.9,ABG,mmHg
EOR,09:40,B-B 25,B-B,pO2,108,ABG,mmHg
EOR,09:40,B-B 25,B-B,AST,91,CMP,U/L
EOR,09:40,B-B 25,B-B,ALT,54,CMP,U/L
EOR,09:40,B-B 25,B-B,LDH,140,CMP,U/L
EOR,09:40,B-B 25,B-B,CREA,0.7,CMP,mg/dL
EOR,09:40,B-B 25,B-B,BUN,19.25,CMP,mg/dL
EOR,09:40,B-B 25,B-B,AMY,233,CMP,U/L
EOR,09:40,B-B 25,B-B,TG,117.26,CMP,mg/dL
EOR,09:40,B-B 25,B-B,GLU,540.01,CMP,mg/dL
EOR,09:40,B-B 25,B-B,GGT,2,CMP,U/L
EOR,09:40,B-B 25,B-B,CKHR_time,9,TEG 5000,min
EOR,09:40,B-B 25,B-B,CKH_K,1.3,TEG 5000,min
EOR,09:40,B-B 25,B-B,CKH_angle,70.4,TEG 5000,degree
EOR,09:40,B-B 25,B-B,CKH_MA,63.1,TEG 5000,mm
EOR,09:40,B-B 25,B-B,APTT,131.1,Coag Panel,sec
EOR,09:40,B-B 25,B-B,PT,19.3,Coag Panel,sec
EOR,09:40,B-B 25,B-B,Fib,4.336,Coag Panel,g/L
20%,10:40,B-B 25,B-B,MAP,78,MAP,mmHg
20%,10:40,B-B 25,B-B,bpm,299,Heart rate,bpm
20%,10:40,B-B 25,B-B,LAC,8.5,ABG,mmol/L
20%,10:40,B-B 25,B-B,pH,7.379,ABG,value
20%,10:40,B-B 25,B-B,pCO2,37.4,ABG,mmHg
20%,10:40,B-B 25,B-B,pO2,106,ABG,mmHg
15%,11:40,B-B 25,B-B,MAP,57,MAP,mmHg
15%,11:40,B-B 25,B-B,bpm,298,Heart rate,bpm
15%,11:40,B-B 25,B-B,LAC,8.5,ABG,mmol/L
15%,11:40,B-B 25,B-B,pH,7.363,ABG,value
15%,11:40,B-B 25,B-B,pCO2,31.2,ABG,mmHg
15%,11:40,B-B 25,B-B,pO2,108,ABG,mmHg
Baseline,06:46,B-B 30,B-B,MAP,75,MAP,mmHg
Baseline,06:46,B-B 30,B-B,bpm,262,Heart rate,bpm
EOS,09:33,B-B 30,B-B,MAP,42,MAP,mmHg
EOS,09:33,B-B 30,B-B,bpm,188,Heart rate,bpm
EOR,09:43,B-B 30,B-B,MAP,75,MAP,mmHg
EOR,09:43,B-B 30,B-B,bpm,288,Heart rate,bpm
20%,10:43,B-B 30,B-B,MAP,73,MAP,mmHg
20%,10:43,B-B 30,B-B,bpm,284,Heart rate,bpm
15%,12:43,B-B 30,B-B,MAP,75,MAP,mmHg
15%,12:43,B-B 30,B-B,bpm,280,Heart rate,bpm
Baseline,06:20,B-LR 10,B-LR,MAP,63,MAP,mmHg
Baseline,06:20,B-LR 10,B-LR,bpm,252,Heart rate,bpm
Baseline,06:20,B-LR 10,B-LR,RBC,5.7,CBC,M/mL
Baseline,06:20,B-LR 10,B-LR,Hb,12.9,CBC,mg/dL
Baseline,06:20,B-LR 10,B-LR,HCT,39.5,CBC,mmHg
Baseline,06:20,B-LR 10,B-LR,PLT,112,CBC,10^3/uL
Baseline,06:20,B-LR 10,B-LR,WBC,4.8,CBC,10^3/uL
Baseline,06:20,B-LR 10,B-LR,X._Free_Hb,0,% Free Hb,%
Baseline,06:20,B-LR 10,B-LR,LAC,1,ABG,mmol/L
Baseline,06:20,B-LR 10,B-LR,pH,7.5,ABG,value
Baseline,06:20,B-LR 10,B-LR,pCO2,41.3,ABG,mmHg
Baseline,06:20,B-LR 10,B-LR,pO2,77.1,ABG,mmHg
Baseline,06:20,B-LR 10,B-LR,AST,37,CMP,U/L
Baseline,06:20,B-LR 10,B-LR,ALT,97,CMP,U/L
Baseline,06:20,B-LR 10,B-LR,LDH,53,CMP,U/L
Baseline,06:20,B-LR 10,B-LR,CREA,0.4,CMP,mg/dL
Baseline,06:20,B-LR 10,B-LR,BUN,9.19,CMP,mg/dL
Baseline,06:20,B-LR 10,B-LR,AMY,230,CMP,U/L
Baseline,06:20,B-LR 10,B-LR,TG,75.09,CMP,mg/dL
Baseline,06:20,B-LR 10,B-LR,GLU,131.48,CMP,mg/dL
Baseline,06:20,B-LR 10,B-LR,GGT,10,CMP,U/L
EOS,08:40,B-LR 10,B-LR,MAP,52,MAP,mmHg
EOS,08:40,B-LR 10,B-LR,bpm,242,Heart rate,bpm
EOS,08:40,B-LR 10,B-LR,RBC,3.18,CBC,M/mL
EOS,08:40,B-LR 10,B-LR,Hb,7.1,CBC,mg/dL
EOS,08:40,B-LR 10,B-LR,HCT,21.6,CBC,mmHg
EOS,08:40,B-LR 10,B-LR,PLT,143,CBC,10^3/uL
EOS,08:40,B-LR 10,B-LR,X._Free_Hb,0,% Free Hb,%
EOS,08:40,B-LR 10,B-LR,LAC,2.6,ABG,mmol/L
EOS,08:40,B-LR 10,B-LR,pH,7.421,ABG,value
EOS,08:40,B-LR 10,B-LR,pCO2,44.6,ABG,mmHg
EOS,08:40,B-LR 10,B-LR,pO2,99.2,ABG,mmHg
EOS,08:40,B-LR 10,B-LR,AST,31,CMP,U/L
EOS,08:40,B-LR 10,B-LR,ALT,35,CMP,U/L
EOS,08:40,B-LR 10,B-LR,LDH,72,CMP,U/L
EOS,08:40,B-LR 10,B-LR,CREA,0.3,CMP,mg/dL
EOS,08:40,B-LR 10,B-LR,BUN,9.42,CMP,mg/dL
EOS,08:40,B-LR 10,B-LR,AMY,146,CMP,U/L
EOS,08:40,B-LR 10,B-LR,TG,118.09,CMP,mg/dL
EOS,08:40,B-LR 10,B-LR,GLU,173.56,CMP,mg/dL
EOS,08:40,B-LR 10,B-LR,GGT,5,CMP,U/L
EOR,08:50,B-LR 10,B-LR,MAP,71,MAP,mmHg
EOR,08:50,B-LR 10,B-LR,bpm,256,Heart rate,bpm
EOR,08:50,B-LR 10,B-LR,LAC,5.2,ABG,mmol/L
EOR,08:50,B-LR 10,B-LR,pH,7.541,ABG,value
EOR,08:50,B-LR 10,B-LR,pCO2,38.7,ABG,mmHg
EOR,08:50,B-LR 10,B-LR,pO2,129,ABG,mmHg
10%,09:50,B-LR 10,B-LR,MAP,47,MAP,mmHg
10%,09:50,B-LR 10,B-LR,bpm,246,Heart rate,bpm
10%,09:50,B-LR 10,B-LR,LAC,2.6,ABG,mmol/L
10%,09:50,B-LR 10,B-LR,pH,7.473,ABG,value
10%,09:50,B-LR 10,B-LR,pCO2,35.8,ABG,mmHg
10%,09:50,B-LR 10,B-LR,pO2,108,ABG,mmHg
7.5%,10:50,B-LR 10,B-LR,MAP,53,MAP,mmHg
7.5%,10:50,B-LR 10,B-LR,bpm,277,Heart rate,bpm
7.5%,10:50,B-LR 10,B-LR,LAC,2.1,ABG,mmol/L
7.5%,10:50,B-LR 10,B-LR,pH,7.501,ABG,value
7.5%,10:50,B-LR 10,B-LR,pCO2,34.6,ABG,mmHg
7.5%,10:50,B-LR 10,B-LR,pO2,97,ABG,mmHg
5%,11:50,B-LR 10,B-LR,MAP,57,MAP,mmHg
5%,11:50,B-LR 10,B-LR,bpm,271,Heart rate,bpm
5%,11:50,B-LR 10,B-LR,LAC,2.7,ABG,mmol/L
5%,11:50,B-LR 10,B-LR,pH,7.452,ABG,value
5%,11:50,B-LR 10,B-LR,pCO2,36.6,ABG,mmHg
5%,11:50,B-LR 10,B-LR,pO2,84.9,ABG,mmHg
2.5%,12:50,B-LR 10,B-LR,MAP,61,MAP,mmHg
2.5%,12:50,B-LR 10,B-LR,bpm,278,Heart rate,bpm
2.5%,12:50,B-LR 10,B-LR,RBC,2.64,CBC,M/mL
2.5%,12:50,B-LR 10,B-LR,Hb,6,CBC,mg/dL
2.5%,12:50,B-LR 10,B-LR,HCT,17.9,CBC,mmHg
2.5%,12:50,B-LR 10,B-LR,PLT,132,CBC,10^3/uL
2.5%,12:50,B-LR 10,B-LR,WBC,6.4,CBC,10^3/uL
2.5%,12:50,B-LR 10,B-LR,X._Free_Hb,0,% Free Hb,%
2.5%,12:50,B-LR 10,B-LR,LAC,1.8,ABG,mmol/L
2.5%,12:50,B-LR 10,B-LR,pH,7.536,ABG,value
2.5%,12:50,B-LR 10,B-LR,pCO2,34.4,ABG,mmHg
2.5%,12:50,B-LR 10,B-LR,pO2,96.8,ABG,mmHg
EOB,NA,B-LR 10,B-LR,MAP,58,MAP,mmHg
EOB,NA,B-LR 10,B-LR,bpm,290,Heart rate,bpm
EOB,NA,B-LR 10,B-LR,RBC,2.38,CBC,M/mL
EOB,NA,B-LR 10,B-LR,Hb,5.4,CBC,mg/dL
EOB,NA,B-LR 10,B-LR,HCT,16.1,CBC,mmHg
EOB,NA,B-LR 10,B-LR,PLT,101,CBC,10^3/uL
EOB,NA,B-LR 10,B-LR,WBC,6.6,CBC,10^3/uL
EOB,NA,B-LR 10,B-LR,X._Free_Hb,0,% Free Hb,%
EOB,NA,B-LR 10,B-LR,LAC,2,ABG,mmol/L
EOB,NA,B-LR 10,B-LR,pH,7.514,ABG,value
EOB,NA,B-LR 10,B-LR,pCO2,38,ABG,mmHg
EOB,NA,B-LR 10,B-LR,pO2,98.8,ABG,mmHg
EOB,NA,B-LR 10,B-LR,AST,39,CMP,U/L
EOB,NA,B-LR 10,B-LR,ALT,44,CMP,U/L
EOB,NA,B-LR 10,B-LR,LDH,81,CMP,U/L
EOB,NA,B-LR 10,B-LR,CREA,0.7,CMP,mg/dL
EOB,NA,B-LR 10,B-LR,BUN,11.26,CMP,mg/dL
EOB,NA,B-LR 10,B-LR,AMY,187,CMP,U/L
EOB,NA,B-LR 10,B-LR,TG,244.88,CMP,mg/dL
EOB,NA,B-LR 10,B-LR,GLU,154.13,CMP,mg/dL
EOB,NA,B-LR 10,B-LR,GGT,6,CMP,U/L
24HR,08:50,B-LR 10,B-LR,MAP,58,MAP,mmHg
24HR,08:50,B-LR 10,B-LR,bpm,272,Heart rate,bpm
24HR,08:50,B-LR 10,B-LR,RBC,2.18,CBC,M/mL
24HR,08:50,B-LR 10,B-LR,Hb,4.9,CBC,mg/dL
24HR,08:50,B-LR 10,B-LR,HCT,14.9,CBC,mmHg
24HR,08:50,B-LR 10,B-LR,PLT,106,CBC,10^3/uL
24HR,08:50,B-LR 10,B-LR,WBC,7,CBC,10^3/uL
24HR,08:50,B-LR 10,B-LR,X._Free_Hb,0,% Free Hb,%
24HR,08:50,B-LR 10,B-LR,LAC,1.4,ABG,mmol/L
24HR,08:50,B-LR 10,B-LR,pH,7.463,ABG,value
24HR,08:50,B-LR 10,B-LR,pCO2,38.1,ABG,mmHg
24HR,08:50,B-LR 10,B-LR,pO2,98.4,ABG,mmHg
24HR,08:50,B-LR 10,B-LR,AST,20,CMP,U/L
24HR,08:50,B-LR 10,B-LR,ALT,58,CMP,U/L
24HR,08:50,B-LR 10,B-LR,LDH,52,CMP,U/L
24HR,08:50,B-LR 10,B-LR,CREA,0.3,CMP,mg/dL
24HR,08:50,B-LR 10,B-LR,BUN,10.63,CMP,mg/dL
24HR,08:50,B-LR 10,B-LR,AMY,247,CMP,U/L
24HR,08:50,B-LR 10,B-LR,TG,522.93,CMP,mg/dL
24HR,08:50,B-LR 10,B-LR,GLU,142.81,CMP,mg/dL
24HR,08:50,B-LR 10,B-LR,GGT,8,CMP,U/L
48HR,08:50,B-LR 10,B-LR,MAP,65,MAP,mmHg
48HR,08:50,B-LR 10,B-LR,bpm,273,Heart rate,bpm
48HR,08:50,B-LR 10,B-LR,RBC,2.28,CBC,M/mL
48HR,08:50,B-LR 10,B-LR,Hb,5.7,CBC,mg/dL
48HR,08:50,B-LR 10,B-LR,HCT,17.1,CBC,mmHg
48HR,08:50,B-LR 10,B-LR,PLT,308,CBC,10^3/uL
48HR,08:50,B-LR 10,B-LR,WBC,6.1,CBC,10^3/uL
48HR,08:50,B-LR 10,B-LR,X._Free_Hb,0,% Free Hb,%
48HR,08:50,B-LR 10,B-LR,LAC,1.1,ABG,mmol/L
48HR,08:50,B-LR 10,B-LR,AST,5,CMP,U/L
48HR,08:50,B-LR 10,B-LR,ALT,70,CMP,U/L
48HR,08:50,B-LR 10,B-LR,LDH,52,CMP,U/L
48HR,08:50,B-LR 10,B-LR,CREA,0.4,CMP,mg/dL
48HR,08:50,B-LR 10,B-LR,BUN,7.12,CMP,mg/dL
48HR,08:50,B-LR 10,B-LR,AMY,205,CMP,U/L
48HR,08:50,B-LR 10,B-LR,TG,234.55,CMP,mg/dL
48HR,08:50,B-LR 10,B-LR,GLU,132.97,CMP,mg/dL
48HR,08:50,B-LR 10,B-LR,GGT,6,CMP,U/L
Baseline,06:45,B-LR 12,B-LR,MAP,85,MAP,mmHg
Baseline,06:45,B-LR 12,B-LR,bpm,260,Heart rate,bpm
Baseline,06:45,B-LR 12,B-LR,RBC,5.99,CBC,M/mL
Baseline,06:45,B-LR 12,B-LR,Hb,12.5,CBC,mg/dL
Baseline,06:45,B-LR 12,B-LR,HCT,37.4,CBC,mmHg
Baseline,06:45,B-LR 12,B-LR,PLT,304,CBC,10^3/uL
Baseline,06:45,B-LR 12,B-LR,WBC,7.1,CBC,10^3/uL
Baseline,06:45,B-LR 12,B-LR,X._Free_Hb,0,% Free Hb,%
Baseline,06:45,B-LR 12,B-LR,LAC,2.6,ABG,mmol/L
Baseline,06:45,B-LR 12,B-LR,pH,7.457,ABG,value
Baseline,06:45,B-LR 12,B-LR,pCO2,41.1,ABG,mmHg
Baseline,06:45,B-LR 12,B-LR,pO2,74.3,ABG,mmHg
Baseline,06:45,B-LR 12,B-LR,AST,43,CMP,U/L
Baseline,06:45,B-LR 12,B-LR,ALT,57,CMP,U/L
Baseline,06:45,B-LR 12,B-LR,LDH,210,CMP,U/L
Baseline,06:45,B-LR 12,B-LR,CREA,0.7,CMP,mg/dL
Baseline,06:45,B-LR 12,B-LR,BUN,12.25,CMP,mg/dL
Baseline,06:45,B-LR 12,B-LR,AMY,234,CMP,U/L
Baseline,06:45,B-LR 12,B-LR,TG,185.43,CMP,mg/dL
Baseline,06:45,B-LR 12,B-LR,GLU,149.41,CMP,mg/dL
Baseline,06:45,B-LR 12,B-LR,GGT,12,CMP,U/L
Baseline,06:45,B-LR 12,B-LR,APTT,139.1,Coag Panel,sec
Baseline,06:45,B-LR 12,B-LR,PT,17.5,Coag Panel,sec
Baseline,06:45,B-LR 12,B-LR,TT,42.9,Coag Panel,sec
Baseline,06:45,B-LR 12,B-LR,Fib,2.85,Coag Panel,g/L
EOS,09:02,B-LR 12,B-LR,MAP,49,MAP,mmHg
EOS,09:02,B-LR 12,B-LR,bpm,227,Heart rate,bpm
EOS,09:02,B-LR 12,B-LR,RBC,4.02,CBC,M/mL
EOS,09:02,B-LR 12,B-LR,Hb,8.5,CBC,mg/dL
EOS,09:02,B-LR 12,B-LR,HCT,24.9,CBC,mmHg
EOS,09:02,B-LR 12,B-LR,PLT,279,CBC,10^3/uL
EOS,09:02,B-LR 12,B-LR,WBC,3.7,CBC,10^3/uL
EOS,09:02,B-LR 12,B-LR,X._Free_Hb,0,% Free Hb,%
EOS,09:02,B-LR 12,B-LR,LAC,1.7,ABG,mmol/L
EOS,09:02,B-LR 12,B-LR,pH,7.442,ABG,value
EOS,09:02,B-LR 12,B-LR,pCO2,52.2,ABG,mmHg
EOS,09:02,B-LR 12,B-LR,pO2,34.6,ABG,mmHg
EOR,09:12,B-LR 12,B-LR,MAP,45,MAP,mmHg
EOR,09:12,B-LR 12,B-LR,bpm,234,Heart rate,bpm
EOR,09:12,B-LR 12,B-LR,RBC,3.68,CBC,M/mL
EOR,09:12,B-LR 12,B-LR,Hb,7.6,CBC,mg/dL
EOR,09:12,B-LR 12,B-LR,HCT,22.8,CBC,mmHg
EOR,09:12,B-LR 12,B-LR,PLT,252,CBC,10^3/uL
EOR,09:12,B-LR 12,B-LR,WBC,4.6,CBC,10^3/uL
EOR,09:12,B-LR 12,B-LR,X._Free_Hb,0,% Free Hb,%
EOR,09:12,B-LR 12,B-LR,LAC,3.6,ABG,mmol/L
EOR,09:12,B-LR 12,B-LR,pH,7.472,ABG,value
EOR,09:12,B-LR 12,B-LR,pCO2,46.3,ABG,mmHg
EOR,09:12,B-LR 12,B-LR,pO2,31.9,ABG,mmHg
EOR,09:12,B-LR 12,B-LR,AST,28,CMP,U/L
EOR,09:12,B-LR 12,B-LR,ALT,35,CMP,U/L
EOR,09:12,B-LR 12,B-LR,LDH,275,CMP,U/L
EOR,09:12,B-LR 12,B-LR,CREA,0.7,CMP,mg/dL
EOR,09:12,B-LR 12,B-LR,BUN,12.87,CMP,mg/dL
EOR,09:12,B-LR 12,B-LR,AMY,138,CMP,U/L
EOR,09:12,B-LR 12,B-LR,TG,267.79,CMP,mg/dL
EOR,09:12,B-LR 12,B-LR,GLU,189.9,CMP,mg/dL
EOR,09:12,B-LR 12,B-LR,GGT,4,CMP,U/L
10%,10:12,B-LR 12,B-LR,MAP,47,MAP,mmHg
10%,10:12,B-LR 12,B-LR,bpm,168,Heart rate,bpm
10%,10:12,B-LR 12,B-LR,LAC,3.1,ABG,mmol/L
10%,10:12,B-LR 12,B-LR,pH,7.489,ABG,value
10%,10:12,B-LR 12,B-LR,pCO2,45.4,ABG,mmHg
10%,10:12,B-LR 12,B-LR,pO2,33,ABG,mmHg
7.5%,11:12,B-LR 12,B-LR,MAP,47,MAP,mmHg
7.5%,11:12,B-LR 12,B-LR,LAC,14.1,ABG,mmol/L
7.5%,11:12,B-LR 12,B-LR,pH,7.224,ABG,value
7.5%,11:12,B-LR 12,B-LR,pCO2,54.6,ABG,mmHg
7.5%,11:12,B-LR 12,B-LR,pO2,22.4,ABG,mmHg
5%,12:12,B-LR 12,B-LR,MAP,64,MAP,mmHg
5%,12:12,B-LR 12,B-LR,bpm,283,Heart rate,bpm
5%,12:12,B-LR 12,B-LR,LAC,15,ABG,mmol/L
5%,12:12,B-LR 12,B-LR,pH,7.295,ABG,value
5%,12:12,B-LR 12,B-LR,pCO2,38.7,ABG,mmHg
5%,12:12,B-LR 12,B-LR,pO2,31.9,ABG,mmHg
2.5%,01:12,B-LR 12,B-LR,MAP,57,MAP,mmHg
2.5%,01:12,B-LR 12,B-LR,bpm,293,Heart rate,bpm
2.5%,01:12,B-LR 12,B-LR,LAC,12.2,ABG,mmol/L
2.5%,01:12,B-LR 12,B-LR,pH,7.417,ABG,value
2.5%,01:12,B-LR 12,B-LR,pCO2,37,ABG,mmHg
2.5%,01:12,B-LR 12,B-LR,pO2,31.1,ABG,mmHg
EOB,01:25,B-LR 12,B-LR,MAP,63,MAP,mmHg
EOB,01:25,B-LR 12,B-LR,bpm,205,Heart rate,bpm
EOB,01:25,B-LR 12,B-LR,RBC,3.67,CBC,M/mL
EOB,01:25,B-LR 12,B-LR,Hb,7.7,CBC,mg/dL
EOB,01:25,B-LR 12,B-LR,HCT,22.6,CBC,mmHg
EOB,01:25,B-LR 12,B-LR,PLT,295,CBC,10^3/uL
EOB,01:25,B-LR 12,B-LR,WBC,4.6,CBC,10^3/uL
EOB,01:25,B-LR 12,B-LR,X._Free_Hb,0,% Free Hb,%
EOB,01:25,B-LR 12,B-LR,LAC,8.4,ABG,mmol/L
EOB,01:25,B-LR 12,B-LR,pH,7.425,ABG,value
EOB,01:25,B-LR 12,B-LR,pCO2,37.8,ABG,mmHg
EOB,01:25,B-LR 12,B-LR,pO2,33.9,ABG,mmHg
EOB,01:25,B-LR 12,B-LR,AST,318,CMP,U/L
EOB,01:25,B-LR 12,B-LR,ALT,92,CMP,U/L
EOB,01:25,B-LR 12,B-LR,LDH,704,CMP,U/L
EOB,01:25,B-LR 12,B-LR,CREA,0.7,CMP,mg/dL
EOB,01:25,B-LR 12,B-LR,BUN,22.15,CMP,mg/dL
EOB,01:25,B-LR 12,B-LR,AMY,187,CMP,U/L
EOB,01:25,B-LR 12,B-LR,TG,188.49,CMP,mg/dL
EOB,01:25,B-LR 12,B-LR,GLU,227.21,CMP,mg/dL
EOB,01:25,B-LR 12,B-LR,GGT,11,CMP,U/L
EOB,01:25,B-LR 12,B-LR,APTT,96.8,Coag Panel,sec
EOB,01:25,B-LR 12,B-LR,PT,19.2,Coag Panel,sec
EOB,01:25,B-LR 12,B-LR,TT,23.1,Coag Panel,sec
EOB,01:25,B-LR 12,B-LR,Fib,1.63,Coag Panel,g/L
24HR,09:12,B-LR 12,B-LR,MAP,71,MAP,mmHg
24HR,09:12,B-LR 12,B-LR,bpm,199,Heart rate,bpm
24HR,09:12,B-LR 12,B-LR,RBC,3.63,CBC,M/mL
24HR,09:12,B-LR 12,B-LR,Hb,7.7,CBC,mg/dL
24HR,09:12,B-LR 12,B-LR,HCT,22.5,CBC,mmHg
24HR,09:12,B-LR 12,B-LR,PLT,363,CBC,10^3/uL
24HR,09:12,B-LR 12,B-LR,WBC,7.2,CBC,10^3/uL
24HR,09:12,B-LR 12,B-LR,X._Free_Hb,0,% Free Hb,%
24HR,09:12,B-LR 12,B-LR,LAC,9.1,ABG,mmol/L
24HR,09:12,B-LR 12,B-LR,pH,7.388,ABG,value
24HR,09:12,B-LR 12,B-LR,pCO2,47,ABG,mmHg
24HR,09:12,B-LR 12,B-LR,pO2,26.5,ABG,mmHg
24HR,09:12,B-LR 12,B-LR,AST,569,CMP,U/L
24HR,09:12,B-LR 12,B-LR,ALT,305,CMP,U/L
24HR,09:12,B-LR 12,B-LR,LDH,913,CMP,U/L
24HR,09:12,B-LR 12,B-LR,CREA,0.4,CMP,mg/dL
24HR,09:12,B-LR 12,B-LR,BUN,16.63,CMP,mg/dL
24HR,09:12,B-LR 12,B-LR,AMY,289,CMP,U/L
24HR,09:12,B-LR 12,B-LR,TG,528.56,CMP,mg/dL
24HR,09:12,B-LR 12,B-LR,GLU,150.53,CMP,mg/dL
24HR,09:12,B-LR 12,B-LR,GGT,8,CMP,U/L
48HR,09:12,B-LR 12,B-LR,MAP,64,MAP,mmHg
48HR,09:12,B-LR 12,B-LR,bpm,298,Heart rate,bpm
48HR,09:12,B-LR 12,B-LR,RBC,0.54,CBC,M/mL
48HR,09:12,B-LR 12,B-LR,Hb,1.2,CBC,mg/dL
48HR,09:12,B-LR 12,B-LR,HCT,3.4,CBC,mmHg
48HR,09:12,B-LR 12,B-LR,PLT,97,CBC,10^3/uL
48HR,09:12,B-LR 12,B-LR,WBC,1.4,CBC,10^3/uL
48HR,09:12,B-LR 12,B-LR,X._Free_Hb,0,% Free Hb,%
48HR,09:12,B-LR 12,B-LR,LAC,8.7,ABG,mmol/L
48HR,09:12,B-LR 12,B-LR,pH,7.306,ABG,value
48HR,09:12,B-LR 12,B-LR,pCO2,48.7,ABG,mmHg
48HR,09:12,B-LR 12,B-LR,pO2,27.5,ABG,mmHg
48HR,09:12,B-LR 12,B-LR,AST,365,CMP,U/L
48HR,09:12,B-LR 12,B-LR,ALT,334,CMP,U/L
48HR,09:12,B-LR 12,B-LR,LDH,600,CMP,U/L
48HR,09:12,B-LR 12,B-LR,CREA,0.6,CMP,mg/dL
48HR,09:12,B-LR 12,B-LR,BUN,17.78,CMP,mg/dL
48HR,09:12,B-LR 12,B-LR,AMY,416,CMP,U/L
48HR,09:12,B-LR 12,B-LR,GLU,142.7,CMP,mg/dL
48HR,09:12,B-LR 12,B-LR,GGT,9,CMP,U/L
48HR,09:12,B-LR 12,B-LR,APTT,107.6,Coag Panel,sec
48HR,09:12,B-LR 12,B-LR,PT,7.3,Coag Panel,sec
48HR,09:12,B-LR 12,B-LR,TT,18.3,Coag Panel,sec
48HR,09:12,B-LR 12,B-LR,Fib,3.4,Coag Panel,g/L
Baseline,NA,B-LR 18,B-LR,MAP,85,MAP,mmHg
Baseline,NA,B-LR 18,B-LR,bpm,266,Heart rate,bpm
Baseline,NA,B-LR 18,B-LR,RBC,4.18,CBC,M/mL
Baseline,NA,B-LR 18,B-LR,Hb,12.3,CBC,mg/dL
Baseline,NA,B-LR 18,B-LR,HCT,36.7,CBC,mmHg
Baseline,NA,B-LR 18,B-LR,PLT,288,CBC,10^3/uL
Baseline,NA,B-LR 18,B-LR,WBC,4.6,CBC,10^3/uL
Baseline,NA,B-LR 18,B-LR,X._Free_Hb,0,% Free Hb,%
Baseline,NA,B-LR 18,B-LR,LAC,1.2,ABG,mmol/L
Baseline,NA,B-LR 18,B-LR,pH,7.488,ABG,value
Baseline,NA,B-LR 18,B-LR,pCO2,36.5,ABG,mmHg
Baseline,NA,B-LR 18,B-LR,pO2,85.4,ABG,mmHg
Baseline,NA,B-LR 18,B-LR,AST,15,CMP,U/L
Baseline,NA,B-LR 18,B-LR,ALT,32,CMP,U/L
Baseline,NA,B-LR 18,B-LR,LDH,82,CMP,U/L
Baseline,NA,B-LR 18,B-LR,CREA,0.6,CMP,mg/dL
Baseline,NA,B-LR 18,B-LR,BUN,13.32,CMP,mg/dL
Baseline,NA,B-LR 18,B-LR,AMY,198,CMP,U/L
Baseline,NA,B-LR 18,B-LR,TG,126.81,CMP,mg/dL
Baseline,NA,B-LR 18,B-LR,GLU,249.29,CMP,mg/dL
Baseline,NA,B-LR 18,B-LR,GGT,9,CMP,U/L
Baseline,NA,B-LR 18,B-LR,CKHR_time,7.4,TEG 5000,min
Baseline,NA,B-LR 18,B-LR,CKH_K,1.4,TEG 5000,min
Baseline,NA,B-LR 18,B-LR,CKH_angle,69.5,TEG 5000,degree
Baseline,NA,B-LR 18,B-LR,CKH_MA,57,TEG 5000,mm
Baseline,NA,B-LR 18,B-LR,APTT,47.4,Coag Panel,sec
Baseline,NA,B-LR 18,B-LR,PT,14.7,Coag Panel,sec
Baseline,NA,B-LR 18,B-LR,Fib,1.47,Coag Panel,g/L
EOS,NA,B-LR 18,B-LR,MAP,46,MAP,mmHg
EOS,NA,B-LR 18,B-LR,bpm,256,Heart rate,bpm
EOS,NA,B-LR 18,B-LR,PLT,158,CBC,10^3/uL
EOS,NA,B-LR 18,B-LR,WBC,5.9,CBC,10^3/uL
EOS,NA,B-LR 18,B-LR,LAC,2.1,ABG,mmol/L
EOS,NA,B-LR 18,B-LR,pH,7.487,ABG,value
EOS,NA,B-LR 18,B-LR,pCO2,45.7,ABG,mmHg
EOS,NA,B-LR 18,B-LR,pO2,77,ABG,mmHg
EOR,NA,B-LR 18,B-LR,MAP,40,MAP,mmHg
EOR,NA,B-LR 18,B-LR,bpm,262,Heart rate,bpm
EOR,NA,B-LR 18,B-LR,RBC,3.58,CBC,M/mL
EOR,NA,B-LR 18,B-LR,Hb,7.9,CBC,mg/dL
EOR,NA,B-LR 18,B-LR,HCT,23.5,CBC,mmHg
EOR,NA,B-LR 18,B-LR,WBC,5,CBC,10^3/uL
EOR,NA,B-LR 18,B-LR,X._Free_Hb,0,% Free Hb,%
EOR,NA,B-LR 18,B-LR,LAC,4.5,ABG,mmol/L
EOR,NA,B-LR 18,B-LR,pH,7.419,ABG,value
EOR,NA,B-LR 18,B-LR,pCO2,49.1,ABG,mmHg
EOR,NA,B-LR 18,B-LR,pO2,67,ABG,mmHg
EOR,NA,B-LR 18,B-LR,AST,38,CMP,U/L
EOR,NA,B-LR 18,B-LR,ALT,35,CMP,U/L
EOR,NA,B-LR 18,B-LR,LDH,137,CMP,U/L
EOR,NA,B-LR 18,B-LR,CREA,0.6,CMP,mg/dL
EOR,NA,B-LR 18,B-LR,BUN,9.8,CMP,mg/dL
EOR,NA,B-LR 18,B-LR,AMY,166,CMP,U/L
EOR,NA,B-LR 18,B-LR,TG,170.06,CMP,mg/dL
EOR,NA,B-LR 18,B-LR,GLU,173.05,CMP,mg/dL
EOR,NA,B-LR 18,B-LR,GGT,4,CMP,U/L
EOR,NA,B-LR 18,B-LR,CKHR_time,8.3,TEG 5000,min
EOR,NA,B-LR 18,B-LR,CKH_K,7.9,TEG 5000,min
EOR,NA,B-LR 18,B-LR,CKH_angle,66.5,TEG 5000,degree
EOR,NA,B-LR 18,B-LR,CKH_MA,60.7,TEG 5000,mm
EOR,NA,B-LR 18,B-LR,APTT,133.6,Coag Panel,sec
EOR,NA,B-LR 18,B-LR,PT,10,Coag Panel,sec
EOR,NA,B-LR 18,B-LR,TT,21,Coag Panel,sec
EOR,NA,B-LR 18,B-LR,Fib,1.74,Coag Panel,g/L
10%,NA,B-LR 18,B-LR,MAP,55,MAP,mmHg
10%,NA,B-LR 18,B-LR,bpm,243,Heart rate,bpm
10%,NA,B-LR 18,B-LR,WBC,2.9,CBC,10^3/uL
10%,NA,B-LR 18,B-LR,LAC,2.1,ABG,mmol/L
10%,NA,B-LR 18,B-LR,pH,7.484,ABG,value
10%,NA,B-LR 18,B-LR,pCO2,41.3,ABG,mmHg
10%,NA,B-LR 18,B-LR,pO2,88.7,ABG,mmHg
7.5%,NA,B-LR 18,B-LR,MAP,55,MAP,mmHg
7.5%,NA,B-LR 18,B-LR,bpm,175,Heart rate,bpm
7.5%,NA,B-LR 18,B-LR,WBC,2.9,CBC,10^3/uL
7.5%,NA,B-LR 18,B-LR,LAC,8.6,ABG,mmol/L
7.5%,NA,B-LR 18,B-LR,pH,7.315,ABG,value
7.5%,NA,B-LR 18,B-LR,pCO2,45.3,ABG,mmHg
7.5%,NA,B-LR 18,B-LR,pO2,29.7,ABG,mmHg
5%,NA,B-LR 18,B-LR,MAP,52,MAP,mmHg
5%,NA,B-LR 18,B-LR,bpm,175,Heart rate,bpm
5%,NA,B-LR 18,B-LR,WBC,0.2,CBC,10^3/uL
5%,NA,B-LR 18,B-LR,LAC,7.8,ABG,mmol/L
5%,NA,B-LR 18,B-LR,pH,7.329,ABG,value
5%,NA,B-LR 18,B-LR,pCO2,39.6,ABG,mmHg
5%,NA,B-LR 18,B-LR,pO2,30.8,ABG,mmHg
2.5%,13:38,B-LR 18,B-LR,MAP,50,MAP,mmHg
2.5%,13:38,B-LR 18,B-LR,bpm,179,Heart rate,bpm
2.5%,13:38,B-LR 18,B-LR,RBC,2.39,CBC,M/mL
2.5%,13:38,B-LR 18,B-LR,Hb,5.3,CBC,mg/dL
2.5%,13:38,B-LR 18,B-LR,HCT,15.6,CBC,mmHg
2.5%,13:38,B-LR 18,B-LR,PLT,70,CBC,10^3/uL
2.5%,13:38,B-LR 18,B-LR,WBC,3.2,CBC,10^3/uL
2.5%,13:38,B-LR 18,B-LR,X._Free_Hb,0,% Free Hb,%
2.5%,13:38,B-LR 18,B-LR,LAC,4.5,ABG,mmol/L
2.5%,13:38,B-LR 18,B-LR,pH,7.743,ABG,value
2.5%,13:38,B-LR 18,B-LR,pCO2,13.2,ABG,mmHg
2.5%,13:38,B-LR 18,B-LR,pO2,146,ABG,mmHg
EOB,13:48,B-LR 18,B-LR,MAP,46,MAP,mmHg
EOB,13:48,B-LR 18,B-LR,bpm,179,Heart rate,bpm
EOB,13:48,B-LR 18,B-LR,RBC,3.9,CBC,M/mL
EOB,13:48,B-LR 18,B-LR,Hb,3.9,CBC,mg/dL
EOB,13:48,B-LR 18,B-LR,HCT,11.1,CBC,mmHg
EOB,13:48,B-LR 18,B-LR,PLT,95,CBC,10^3/uL
EOB,13:48,B-LR 18,B-LR,WBC,4.3,CBC,10^3/uL
EOB,13:48,B-LR 18,B-LR,X._Free_Hb,0,% Free Hb,%
EOB,13:48,B-LR 18,B-LR,LAC,4.5,ABG,mmol/L
EOB,13:48,B-LR 18,B-LR,AST,94,CMP,U/L
EOB,13:48,B-LR 18,B-LR,ALT,74,CMP,U/L
EOB,13:48,B-LR 18,B-LR,LDH,371,CMP,U/L
EOB,13:48,B-LR 18,B-LR,CREA,0.5,CMP,mg/dL
EOB,13:48,B-LR 18,B-LR,BUN,20.89,CMP,mg/dL
EOB,13:48,B-LR 18,B-LR,AMY,204,CMP,U/L
EOB,13:48,B-LR 18,B-LR,TG,158.81,CMP,mg/dL
EOB,13:48,B-LR 18,B-LR,GLU,221.25,CMP,mg/dL
EOB,13:48,B-LR 18,B-LR,GGT,6,CMP,U/L
EOB,13:48,B-LR 18,B-LR,CKHR_time,8.8,TEG 5000,min
EOB,13:48,B-LR 18,B-LR,CKH_K,1.4,TEG 5000,min
EOB,13:48,B-LR 18,B-LR,CKH_angle,71.8,TEG 5000,degree
EOB,13:48,B-LR 18,B-LR,CKH_MA,68.3,TEG 5000,mm
EOB,13:48,B-LR 18,B-LR,APTT,107.7,Coag Panel,sec
EOB,13:48,B-LR 18,B-LR,PT,8.9,Coag Panel,sec
EOB,13:48,B-LR 18,B-LR,TT,14.3,Coag Panel,sec
EOB,13:48,B-LR 18,B-LR,Fib,1.83,Coag Panel,g/L
24HR,21:38,B-LR 18,B-LR,MAP,68,MAP,mmHg
24HR,21:38,B-LR 18,B-LR,bpm,174,Heart rate,bpm
24HR,21:38,B-LR 18,B-LR,RBC,4.6,CBC,M/mL
24HR,21:38,B-LR 18,B-LR,Hb,4.6,CBC,mg/dL
24HR,21:38,B-LR 18,B-LR,HCT,12.8,CBC,mmHg
24HR,21:38,B-LR 18,B-LR,PLT,195,CBC,10^3/uL
24HR,21:38,B-LR 18,B-LR,WBC,1.6,CBC,10^3/uL
24HR,21:38,B-LR 18,B-LR,X._Free_Hb,0,% Free Hb,%
24HR,21:38,B-LR 18,B-LR,LAC,2.2,ABG,mmol/L
24HR,21:38,B-LR 18,B-LR,pH,7.447,ABG,value
24HR,21:38,B-LR 18,B-LR,pCO2,37.1,ABG,mmHg
24HR,21:38,B-LR 18,B-LR,pO2,29,ABG,mmHg
24HR,21:38,B-LR 18,B-LR,AST,452,CMP,U/L
24HR,21:38,B-LR 18,B-LR,ALT,258,CMP,U/L
24HR,21:38,B-LR 18,B-LR,LDH,660,CMP,U/L
24HR,21:38,B-LR 18,B-LR,CREA,0.6,CMP,mg/dL
24HR,21:38,B-LR 18,B-LR,BUN,15.14,CMP,mg/dL
24HR,21:38,B-LR 18,B-LR,AMY,399,CMP,U/L
24HR,21:38,B-LR 18,B-LR,TG,609,CMP,mg/dL
24HR,21:38,B-LR 18,B-LR,GLU,119.55,CMP,mg/dL
24HR,21:38,B-LR 18,B-LR,GGT,4,CMP,U/L
24HR,21:38,B-LR 18,B-LR,CKHR_time,8.9,TEG 5000,min
24HR,21:38,B-LR 18,B-LR,CKH_K,2.6,TEG 5000,min
24HR,21:38,B-LR 18,B-LR,CKH_angle,65.5,TEG 5000,degree
24HR,21:38,B-LR 18,B-LR,CKH_MA,75,TEG 5000,mm
24HR,21:38,B-LR 18,B-LR,APTT,117.9,Coag Panel,sec
24HR,21:38,B-LR 18,B-LR,PT,6.4,Coag Panel,sec
24HR,21:38,B-LR 18,B-LR,TT,15,Coag Panel,sec
24HR,21:38,B-LR 18,B-LR,Fib,3.24,Coag Panel,g/L
48HR,NA,B-LR 18,B-LR,Fib,5.54,Coag Panel,g/L
Baseline,NA,B-LR 19,B-LR,MAP,82,MAP,mmHg
Baseline,NA,B-LR 19,B-LR,bpm,236,Heart rate,bpm
Baseline,NA,B-LR 19,B-LR,RBC,5.5,CBC,M/mL
Baseline,NA,B-LR 19,B-LR,Hb,12.3,CBC,mg/dL
Baseline,NA,B-LR 19,B-LR,HCT,37.4,CBC,mmHg
Baseline,NA,B-LR 19,B-LR,PLT,224,CBC,10^3/uL
Baseline,NA,B-LR 19,B-LR,WBC,4.4,CBC,10^3/uL
Baseline,NA,B-LR 19,B-LR,X._Free_Hb,0,% Free Hb,%
Baseline,NA,B-LR 19,B-LR,LAC,1.2,ABG,mmol/L
Baseline,NA,B-LR 19,B-LR,pH,7.472,ABG,value
Baseline,NA,B-LR 19,B-LR,pCO2,39.7,ABG,mmHg
Baseline,NA,B-LR 19,B-LR,pO2,72.7,ABG,mmHg
Baseline,NA,B-LR 19,B-LR,AST,23,CMP,U/L
Baseline,NA,B-LR 19,B-LR,ALT,37,CMP,U/L
Baseline,NA,B-LR 19,B-LR,LDH,120,CMP,U/L
Baseline,NA,B-LR 19,B-LR,CREA,0.4,CMP,mg/dL
Baseline,NA,B-LR 19,B-LR,BUN,9.28,CMP,mg/dL
Baseline,NA,B-LR 19,B-LR,AMY,262,CMP,U/L
Baseline,NA,B-LR 19,B-LR,TG,94.28,CMP,mg/dL
Baseline,NA,B-LR 19,B-LR,GLU,208.4,CMP,mg/dL
Baseline,NA,B-LR 19,B-LR,GGT,12,CMP,U/L
Baseline,NA,B-LR 19,B-LR,CKHR_time,11.7,TEG 5000,min
Baseline,NA,B-LR 19,B-LR,APTT,125.8,Coag Panel,sec
Baseline,NA,B-LR 19,B-LR,PT,13.5,Coag Panel,sec
Baseline,NA,B-LR 19,B-LR,TT,50.7,Coag Panel,sec
Baseline,NA,B-LR 19,B-LR,Fib,1.42,Coag Panel,g/L
EOS,NA,B-LR 19,B-LR,MAP,59,MAP,mmHg
EOS,NA,B-LR 19,B-LR,bpm,200,Heart rate,bpm
EOS,NA,B-LR 19,B-LR,RBC,6.48,CBC,M/mL
EOS,NA,B-LR 19,B-LR,Hb,14.4,CBC,mg/dL
EOS,NA,B-LR 19,B-LR,HCT,43.9,CBC,mmHg
EOS,NA,B-LR 19,B-LR,PLT,118,CBC,10^3/uL
EOS,NA,B-LR 19,B-LR,WBC,7,CBC,10^3/uL
EOS,NA,B-LR 19,B-LR,X._Free_Hb,0,% Free Hb,%
EOS,NA,B-LR 19,B-LR,LAC,1,ABG,mmol/L
EOS,NA,B-LR 19,B-LR,pH,7.504,ABG,value
EOS,NA,B-LR 19,B-LR,pCO2,46,ABG,mmHg
EOS,NA,B-LR 19,B-LR,pO2,71.8,ABG,mmHg
EOR,NA,B-LR 19,B-LR,MAP,58,MAP,mmHg
EOR,NA,B-LR 19,B-LR,bpm,270,Heart rate,bpm
EOR,NA,B-LR 19,B-LR,RBC,4.06,CBC,M/mL
EOR,NA,B-LR 19,B-LR,Hb,9.2,CBC,mg/dL
EOR,NA,B-LR 19,B-LR,HCT,27.1,CBC,mmHg
EOR,NA,B-LR 19,B-LR,PLT,146,CBC,10^3/uL
EOR,NA,B-LR 19,B-LR,WBC,7,CBC,10^3/uL
EOR,NA,B-LR 19,B-LR,X._Free_Hb,0,% Free Hb,%
EOR,NA,B-LR 19,B-LR,LAC,1.9,ABG,mmol/L
EOR,NA,B-LR 19,B-LR,pH,7.495,ABG,value
EOR,NA,B-LR 19,B-LR,pCO2,44.1,ABG,mmHg
EOR,NA,B-LR 19,B-LR,pO2,67,ABG,mmHg
EOR,NA,B-LR 19,B-LR,AST,39,CMP,U/L
EOR,NA,B-LR 19,B-LR,ALT,41,CMP,U/L
EOR,NA,B-LR 19,B-LR,LDH,207,CMP,U/L
EOR,NA,B-LR 19,B-LR,CREA,0.8,CMP,mg/dL
EOR,NA,B-LR 19,B-LR,BUN,12.26,CMP,mg/dL
EOR,NA,B-LR 19,B-LR,AMY,200,CMP,U/L
EOR,NA,B-LR 19,B-LR,TG,5.76,CMP,mg/dL
EOR,NA,B-LR 19,B-LR,GLU,155.86,CMP,mg/dL
EOR,NA,B-LR 19,B-LR,GGT,6,CMP,U/L
EOR,NA,B-LR 19,B-LR,CKHR_time,10.1,TEG 5000,min
EOR,NA,B-LR 19,B-LR,CKH_K,12.7,TEG 5000,min
EOR,NA,B-LR 19,B-LR,CKH_angle,69.3,TEG 5000,degree
EOR,NA,B-LR 19,B-LR,CKH_MA,56.5,TEG 5000,mm
EOR,NA,B-LR 19,B-LR,APTT,140.8,Coag Panel,sec
EOR,NA,B-LR 19,B-LR,PT,14.8,Coag Panel,sec
EOR,NA,B-LR 19,B-LR,TT,18.5,Coag Panel,sec
EOR,NA,B-LR 19,B-LR,Fib,2.3,Coag Panel,g/L
10%,NA,B-LR 19,B-LR,MAP,70,MAP,mmHg
10%,NA,B-LR 19,B-LR,bpm,265,Heart rate,bpm
10%,NA,B-LR 19,B-LR,WBC,6.3,CBC,10^3/uL
10%,NA,B-LR 19,B-LR,LAC,1.1,ABG,mmol/L
10%,NA,B-LR 19,B-LR,pH,7.467,ABG,value
10%,NA,B-LR 19,B-LR,pCO2,39.7,ABG,mmHg
10%,NA,B-LR 19,B-LR,pO2,71,ABG,mmHg
7.5%,NA,B-LR 19,B-LR,MAP,74,MAP,mmHg
7.5%,NA,B-LR 19,B-LR,bpm,265,Heart rate,bpm
7.5%,NA,B-LR 19,B-LR,WBC,7.7,CBC,10^3/uL
7.5%,NA,B-LR 19,B-LR,LAC,0.6,ABG,mmol/L
7.5%,NA,B-LR 19,B-LR,pH,7.458,ABG,value
7.5%,NA,B-LR 19,B-LR,pCO2,35.8,ABG,mmHg
7.5%,NA,B-LR 19,B-LR,pO2,80.2,ABG,mmHg
5%,13:10,B-LR 19,B-LR,MAP,65,MAP,mmHg
5%,13:10,B-LR 19,B-LR,bpm,281,Heart rate,bpm
5%,13:10,B-LR 19,B-LR,WBC,6.7,CBC,10^3/uL
5%,13:10,B-LR 19,B-LR,LAC,0.7,ABG,mmol/L
5%,13:10,B-LR 19,B-LR,pH,7.494,ABG,value
5%,13:10,B-LR 19,B-LR,pCO2,34.7,ABG,mmHg
5%,13:10,B-LR 19,B-LR,pO2,79.5,ABG,mmHg
2.5%,14:10,B-LR 19,B-LR,MAP,64,MAP,mmHg
2.5%,14:10,B-LR 19,B-LR,bpm,273,Heart rate,bpm
2.5%,14:10,B-LR 19,B-LR,WBC,7,CBC,10^3/uL
EOB,14:20,B-LR 19,B-LR,MAP,64,MAP,mmHg
EOB,14:20,B-LR 19,B-LR,bpm,268,Heart rate,bpm
EOB,14:20,B-LR 19,B-LR,RBC,4.07,CBC,M/mL
EOB,14:20,B-LR 19,B-LR,Hb,9.1,CBC,mg/dL
EOB,14:20,B-LR 19,B-LR,HCT,27.1,CBC,mmHg
EOB,14:20,B-LR 19,B-LR,PLT,162,CBC,10^3/uL
EOB,14:20,B-LR 19,B-LR,X._Free_Hb,0,% Free Hb,%
EOB,14:20,B-LR 19,B-LR,AST,82,CMP,U/L
EOB,14:20,B-LR 19,B-LR,ALT,66,CMP,U/L
EOB,14:20,B-LR 19,B-LR,LDH,345,CMP,U/L
EOB,14:20,B-LR 19,B-LR,CREA,0.4,CMP,mg/dL
EOB,14:20,B-LR 19,B-LR,BUN,16.17,CMP,mg/dL
EOB,14:20,B-LR 19,B-LR,AMY,279,CMP,U/L
EOB,14:20,B-LR 19,B-LR,TG,86.99,CMP,mg/dL
EOB,14:20,B-LR 19,B-LR,GLU,158.97,CMP,mg/dL
EOB,14:20,B-LR 19,B-LR,GGT,8,CMP,U/L
EOB,14:20,B-LR 19,B-LR,CKHR_time,6.3,TEG 5000,min
EOB,14:20,B-LR 19,B-LR,CKH_K,6.2,TEG 5000,min
EOB,14:20,B-LR 19,B-LR,CKH_angle,67.3,TEG 5000,degree
EOB,14:20,B-LR 19,B-LR,CKH_MA,58.9,TEG 5000,mm
EOB,14:20,B-LR 19,B-LR,APTT,103.8,Coag Panel,sec
EOB,14:20,B-LR 19,B-LR,PT,11.9,Coag Panel,sec
EOB,14:20,B-LR 19,B-LR,TT,15.6,Coag Panel,sec
EOB,14:20,B-LR 19,B-LR,Fib,2.29,Coag Panel,g/L
24HR,22:10,B-LR 19,B-LR,MAP,59,MAP,mmHg
24HR,22:10,B-LR 19,B-LR,bpm,271,Heart rate,bpm
24HR,22:10,B-LR 19,B-LR,RBC,4.04,CBC,M/mL
24HR,22:10,B-LR 19,B-LR,Hb,8.8,CBC,mg/dL
24HR,22:10,B-LR 19,B-LR,HCT,29.1,CBC,mmHg
24HR,22:10,B-LR 19,B-LR,PLT,153,CBC,10^3/uL
24HR,22:10,B-LR 19,B-LR,WBC,2.3,CBC,10^3/uL
24HR,22:10,B-LR 19,B-LR,X._Free_Hb,0,% Free Hb,%
24HR,22:10,B-LR 19,B-LR,LAC,2.2,ABG,mmol/L
24HR,22:10,B-LR 19,B-LR,pH,7.783,ABG,value
24HR,22:10,B-LR 19,B-LR,pCO2,13.4,ABG,mmHg
24HR,22:10,B-LR 19,B-LR,pO2,201,ABG,mmHg
24HR,22:10,B-LR 19,B-LR,AST,22,CMP,U/L
24HR,22:10,B-LR 19,B-LR,ALT,77,CMP,U/L
24HR,22:10,B-LR 19,B-LR,LDH,77,CMP,U/L
24HR,22:10,B-LR 19,B-LR,CREA,0.7,CMP,mg/dL
24HR,22:10,B-LR 19,B-LR,BUN,10.66,CMP,mg/dL
24HR,22:10,B-LR 19,B-LR,AMY,481,CMP,U/L
24HR,22:10,B-LR 19,B-LR,TG,220.27,CMP,mg/dL
24HR,22:10,B-LR 19,B-LR,GLU,141.81,CMP,mg/dL
24HR,22:10,B-LR 19,B-LR,GGT,7,CMP,U/L
24HR,22:10,B-LR 19,B-LR,CKHR_time,10.6,TEG 5000,min
24HR,22:10,B-LR 19,B-LR,CKH_K,17,TEG 5000,min
24HR,22:10,B-LR 19,B-LR,CKH_angle,44.2,TEG 5000,degree
24HR,22:10,B-LR 19,B-LR,APTT,135.9,Coag Panel,sec
24HR,22:10,B-LR 19,B-LR,PT,11.2,Coag Panel,sec
24HR,22:10,B-LR 19,B-LR,TT,41.6,Coag Panel,sec
24HR,22:10,B-LR 19,B-LR,Fib,5.44,Coag Panel,g/L
Baseline,07:00,B-EM 02,B-EM,MAP,67,MAP,mmHg
Baseline,07:00,B-EM 02,B-EM,bpm,240,Heart rate,bpm
Baseline,07:00,B-EM 02,B-EM,RBC,5.49,CBC,M/mL
Baseline,07:00,B-EM 02,B-EM,Hb,11,CBC,mg/dL
Baseline,07:00,B-EM 02,B-EM,HCT,34.7,CBC,mmHg
Baseline,07:00,B-EM 02,B-EM,PLT,349,CBC,10^3/uL
Baseline,07:00,B-EM 02,B-EM,X._Free_Hb,0,% Free Hb,%
Baseline,07:00,B-EM 02,B-EM,LAC,3.6,ABG,mmol/L
EOS,09:52,B-EM 02,B-EM,MAP,82,MAP,mmHg
EOS,09:52,B-EM 02,B-EM,bpm,206,Heart rate,bpm
EOS,09:52,B-EM 02,B-EM,RBC,3.93,CBC,M/mL
EOS,09:52,B-EM 02,B-EM,Hb,8,CBC,mg/dL
EOS,09:52,B-EM 02,B-EM,HCT,24.4,CBC,mmHg
EOS,09:52,B-EM 02,B-EM,PLT,254,CBC,10^3/uL
EOS,09:52,B-EM 02,B-EM,X._Free_Hb,0,% Free Hb,%
EOS,09:52,B-EM 02,B-EM,LAC,2.5,ABG,mmol/L
EOR,10:02,B-EM 02,B-EM,MAP,60,MAP,mmHg
EOR,10:02,B-EM 02,B-EM,bpm,235,Heart rate,bpm
EOR,10:02,B-EM 02,B-EM,RBC,2.56,CBC,M/mL
EOR,10:02,B-EM 02,B-EM,Hb,5.3,CBC,mg/dL
EOR,10:02,B-EM 02,B-EM,HCT,15.8,CBC,mmHg
EOR,10:02,B-EM 02,B-EM,PLT,199,CBC,10^3/uL
EOR,10:02,B-EM 02,B-EM,X._Free_Hb,0,% Free Hb,%
EOR,10:02,B-EM 02,B-EM,LAC,2.2,ABG,mmol/L
10%,11:02,B-EM 02,B-EM,MAP,58,MAP,mmHg
10%,11:02,B-EM 02,B-EM,bpm,282,Heart rate,bpm
10%,11:02,B-EM 02,B-EM,LAC,1.4,ABG,mmol/L
7.5%,12:02,B-EM 02,B-EM,MAP,58,MAP,mmHg
7.5%,12:02,B-EM 02,B-EM,bpm,282,Heart rate,bpm
7.5%,12:02,B-EM 02,B-EM,LAC,1.3,ABG,mmol/L
5%,13:02,B-EM 02,B-EM,MAP,66,MAP,mmHg
5%,13:02,B-EM 02,B-EM,bpm,172,Heart rate,bpm
5%,13:02,B-EM 02,B-EM,LAC,2.5,ABG,mmol/L
2.5%,14:02,B-EM 02,B-EM,MAP,57,MAP,mmHg
2.5%,14:02,B-EM 02,B-EM,bpm,282,Heart rate,bpm
2.5%,14:02,B-EM 02,B-EM,LAC,2.9,ABG,mmol/L
EOB,14:12,B-EM 02,B-EM,MAP,55,MAP,mmHg
EOB,14:12,B-EM 02,B-EM,bpm,218,Heart rate,bpm
EOB,14:12,B-EM 02,B-EM,RBC,2.34,CBC,M/mL
EOB,14:12,B-EM 02,B-EM,Hb,4.8,CBC,mg/dL
EOB,14:12,B-EM 02,B-EM,HCT,14.2,CBC,mmHg
EOB,14:12,B-EM 02,B-EM,PLT,219,CBC,10^3/uL
EOB,14:12,B-EM 02,B-EM,X._Free_Hb,0,% Free Hb,%
EOB,14:12,B-EM 02,B-EM,LAC,2.5,ABG,mmol/L
24HR,10:02,B-EM 02,B-EM,MAP,63,MAP,mmHg
24HR,10:02,B-EM 02,B-EM,bpm,226,Heart rate,bpm
24HR,10:02,B-EM 02,B-EM,RBC,2.48,CBC,M/mL
24HR,10:02,B-EM 02,B-EM,Hb,4.9,CBC,mg/dL
24HR,10:02,B-EM 02,B-EM,HCT,15.1,CBC,mmHg
24HR,10:02,B-EM 02,B-EM,X._Free_Hb,0,% Free Hb,%
24HR,10:02,B-EM 02,B-EM,LAC,3.5,ABG,mmol/L
48HR,10:02,B-EM 02,B-EM,MAP,67,MAP,mmHg
48HR,10:02,B-EM 02,B-EM,bpm,173,Heart rate,bpm
48HR,10:02,B-EM 02,B-EM,RBC,2.26,CBC,M/mL
48HR,10:02,B-EM 02,B-EM,Hb,4.5,CBC,mg/dL
48HR,10:02,B-EM 02,B-EM,HCT,13.6,CBC,mmHg
48HR,10:02,B-EM 02,B-EM,X._Free_Hb,0,% Free Hb,%
48HR,10:02,B-EM 02,B-EM,LAC,2.7,ABG,mmol/L
72HR,10:02,B-EM 02,B-EM,MAP,57,MAP,mmHg
72HR,10:02,B-EM 02,B-EM,bpm,273,Heart rate,bpm
72HR,10:02,B-EM 02,B-EM,RBC,2.21,CBC,M/mL
72HR,10:02,B-EM 02,B-EM,Hb,4.5,CBC,mg/dL
72HR,10:02,B-EM 02,B-EM,HCT,13.7,CBC,mmHg
72HR,10:02,B-EM 02,B-EM,X._Free_Hb,0,% Free Hb,%
72HR,10:02,B-EM 02,B-EM,LAC,2.8,ABG,mmol/L
